published,channel,title,categories,length,url,explicit_11th
2026-08-04,TacticalTortoise 40k,🔴The most UNHINGED Lists from the 40k WTC | TacticalTuesday 40k Live Stream Show,Meta / competitive analysis,,https://www.youtube.com/watch?v=7AgzQIEq3j4,no
2026-08-04,Art of War 40k,Five Armies that Will Define the World Team Championships,Meta / competitive analysis,31:51,https://www.youtube.com/watch?v=q5nViHbxxH4,no
2026-08-04,Art of War 40k,The Warhammer 40k Meta Recap - August 4th,Meta / competitive analysis,,https://www.youtube.com/watch?v=itCQMncJUmo,no
2026-08-04,Happy Krumping,Why Boss Snikrot Beats Commandos in 11th Edition,Deployment / setup / terrain; Meta / competitive analysis,,https://www.youtube.com/watch?v=tPBcURhvOII,yes
2026-08-04,Happy Krumping,These WTC Lists Are Changing Competitive 40K- Live Stream,Meta / competitive analysis,,https://www.youtube.com/watch?v=pAk1YiuioNQ,no
2026-08-04,6 Plus Plus Gaming,Rob takes Drukhari to a 4-1 in his first GT of 11th Edition | Return of the Archon,Meta / competitive analysis,38:18,https://www.youtube.com/watch?v=gRqdSBkqVlA,yes
2026-08-04,6 Plus Plus Gaming,Ep. 43: WTC List Review | The 40k Lunchtime Show,Army choice / list building; Meta / competitive analysis,,https://www.youtube.com/watch?v=uKl8cEJlk0c,no
2026-08-04,Mordian Glory,"How to Build a Beginner Guard Army! From 1000pts to 2000pts! | Astra Militarum | Warhammer 40,000",Core rules / how to play; Army choice / list building,43:25,https://www.youtube.com/watch?v=Cba_XEGMRC0,no
2026-08-04,40K Dirtbags,Orks vs Raven Guard! battle report 11th edition | Competitive | Warhammer 40k #40k,Battle report; Meta / competitive analysis,41:31,https://www.youtube.com/watch?v=Enm67qaqHkU,yes
2026-08-04,40k Vtuber: Christian Von Carmian,40K 11th edition Exchanged Circles for Square Objectives #warhammer40k  #11thedition,Deployment / setup / terrain; Missions / objectives / scoring,,https://www.youtube.com/watch?v=eVBI8du1QyY,yes
2026-08-04,Deploy on the Line 40K,WTC Lists Are OUT! Let's Talk About Some Of The Spicy Ones,Deployment / setup / terrain; Meta / competitive analysis,1:48:28,https://www.youtube.com/watch?v=14LSO7MS3QI,no
2026-08-04,40K Fireside,Who Will Win WTC? - The 40K Fireside Predictions,Meta / competitive analysis,1:11:45,https://www.youtube.com/watch?v=xbAncqIyMrw,no
2026-08-04,Grimdark Breakdown,The 10 BEST Units in Warhammer 40K Right Now | Current Meta Rankings (11th Edition),Deployment / setup / terrain; Faction / unit guides; Meta / competitive analysis,18:47,https://www.youtube.com/watch?v=VPTL092E0VI,yes
2026-08-04,Tabletop Titans,Salamanders vs Drukhari - 11th Edition Warhammer 40k Live Battle Report,Deployment / setup / terrain; Battle report,,https://www.youtube.com/watch?v=7s2n2Dlzsfw,yes
2026-08-04,Exile Wargaming,Harlequins VS World Eaters! 11th Ed. Warhammer 40k Battle Report,Battle report,36:04,https://www.youtube.com/watch?v=mbNWzDn6Pu4,yes
2026-08-04,Proxy Hammer,"UPDATED Aeldari Detachment Tier List!!-""What Has the Balance Dataslate Done to Shake Things Up?!""",Faction / unit guides; Meta / competitive analysis,54:27,https://www.youtube.com/watch?v=f_z0hvW0VMk,no
2026-08-03,Auspex Tactics,Top Ten Strongest Dark Angels Units in Early 11th? Most Commonly Played Unforgiven Datasheets!,Army choice / list building; Faction / unit guides,25:56,https://www.youtube.com/watch?v=YM1sRZGVOhw,yes
2026-08-03,Auspex Tactics,What's WINNING and LOSING in Warhammer 40K 11th Edition Post- Update? Faction Win Rates + More,Meta / competitive analysis,13:58,https://www.youtube.com/watch?v=yV6DFLGtKnk,yes
2026-08-03,TacticalTortoise 40k,Orks SWARM 40k GTs from their picturesque vacation beaches | The BEST Armies in 40k 8.3.26,Meta / competitive analysis,34:48,https://www.youtube.com/watch?v=txqVVppQLHs,no
2026-08-03,TacticalTortoise 40k,🔴Lone Star Open Major Tournament | Day 2 | Live 40k Tournament Coverage,Battle report; Meta / competitive analysis,,https://www.youtube.com/watch?v=VqwMdS9MuIY,no
2026-08-03,Vanguard Tactics,Space Wolves Vs Chaos Daemons 11th Edition Warhammer 40K Battle Report,Battle report,,https://www.youtube.com/watch?v=0-alILD7Wzo,yes
2026-08-03,Happy Krumping,Why Orks Are More Versatile Than You Think in 11th Edition,Missions / objectives / scoring; Meta / competitive analysis,,https://www.youtube.com/watch?v=PZkGsR3aUWY,yes
2026-08-03,Odyssey40k,Every Faction's Best List at the WTC 2026 - Warhammer 40K,Army choice / list building; Meta / competitive analysis,1:38:18,https://www.youtube.com/watch?v=uYFHWwWSklU,yes
2026-08-03,6 Plus Plus Gaming,I went 3-0 with World Eaters at an RTT and learned some stuff | Event Report,Meta / competitive analysis,23:02,https://www.youtube.com/watch?v=eokQteHr0Fo,no
2026-08-03,Into the Hive Mind,How to build your first 1000 points of Tyranids (11th Edition),Army choice / list building,34:11,https://www.youtube.com/watch?v=K8OD14Mz6N4,yes
2026-08-03,Recon By Fire,Space Wolves vs Imperial Knights #warhammer40k #battlereport,Battle report,15:29,https://www.youtube.com/watch?v=x6eO05ZgQtc,no
2026-08-03,The Six Machine,Are Dark Angels S-Tier? BEST Units & Combos! | Warhammer 40K 11th Edition,Faction / unit guides; Meta / competitive analysis,31:43,https://www.youtube.com/watch?v=ewxyBDMvC64,yes
2026-08-03,40K Fireside,Analyzing(?) the Defending Champions Roster,Meta / competitive analysis,1:05:40,https://www.youtube.com/watch?v=-Bh3n-_Tpfs,no
2026-08-03,40K Fireside,Best Singles List from WTC,Missions / objectives / scoring; Meta / competitive analysis,20:21,https://www.youtube.com/watch?v=_xKjN6N1jT0,no
2026-08-03,40K Fireside,Best Astra Lists from WTC,Missions / objectives / scoring; Meta / competitive analysis,12:39,https://www.youtube.com/watch?v=7PIXp31ZPSk,no
2026-08-03,40K Fireside,Best Chaos Daemon Lists from WTC,Meta / competitive analysis,17:27,https://www.youtube.com/watch?v=u8fm403MGtg,no
2026-08-03,40K Fireside,3 Great Necrons Lists from WTC,Meta / competitive analysis,13:36,https://www.youtube.com/watch?v=kaPF39pHWew,no
2026-08-03,Grimdark Breakdown,Warhammer 40K Meta Monday #37: Biggest Winners & Losers After LSO,Meta / competitive analysis,46:12,https://www.youtube.com/watch?v=My3l4qfBdjk,yes
2026-08-03,Grimdark Breakdown,"Start Dark Angels the RIGHT Way! Best 1,000 Point Army from the Armageddon Box",Core rules / how to play; Meta / competitive analysis,16:48,https://www.youtube.com/watch?v=qwnHaQvzCq0,yes
2026-08-03,Grimdark Breakdown,The #10 Unit in Warhammer 40K Will Surprise You!,Meta / competitive analysis,,https://www.youtube.com/watch?v=wxScJ46ydRs,no
2026-08-03,Boltgun Tactics,I have finally found a winning Chaos Space Marine list! After only losing one GT game.,Meta / competitive analysis,18:26,https://www.youtube.com/watch?v=RS35_IQEBTw,yes
2026-08-03,Boltgun Tactics,Word Bearers #warhammer40k #chaosspacemarines #warhammercommunity #gamesworkshop #competitive40k,Meta / competitive analysis,,https://www.youtube.com/watch?v=wbQG1A_gESY,no
2026-08-03,Boltgun Tactics,"Live WG Warhammer 40,000 GT. Game 5, Chaos Space Marines vs Dark Angels",Army choice / list building; Battle report; Meta / competitive analysis,,https://www.youtube.com/watch?v=6V8asnfgFUE,yes
2026-08-03,Boltgun Tactics,"Live WG Warhammer 40,000 GT. Game 4, Chaos Space Marines vs Aeldari",Army choice / list building; Battle report; Meta / competitive analysis,,https://www.youtube.com/watch?v=lqaYPTcQzoQ,yes
2026-08-03,Hubtown Hammer,Adeptus Custodes 5 Worst Units in 11th Edition Warhammer 40K,Faction / unit guides,10:54,https://www.youtube.com/watch?v=Vtuvlr50ocE,yes
2026-08-03,Maelstrom Gaming Studios - Tyranids,Tyranids vs Grey Knights | Warhammer 40k 11th Edition Battle Report Ep: 121,Missions / objectives / scoring; Battle report; Meta / competitive analysis,2:14:04,https://www.youtube.com/watch?v=aQsog-fkQJ8,yes
2026-08-03,Tabletop Titans,Top Lists in 40k Right Now,Meta / competitive analysis,,https://www.youtube.com/watch?v=_8a5XD5fGC4,no
2026-08-03,Tabletop Titans,My Favorite Lists from the World Team Championship - Competitive Warhammer 40k,Meta / competitive analysis,,https://www.youtube.com/watch?v=dPFfT2IIlME,no
2026-08-03,Mid Table Tactics,11TH EDITION! Leagues of Votann VS Tau Empire | 40k Battle Report,Missions / objectives / scoring; Battle report,3:06:42,https://www.youtube.com/watch?v=k-IMme1pngY,yes
2026-08-03,BA Commander,Blood Angels Army List Show (Episode 246),Army choice / list building,,https://www.youtube.com/watch?v=_1NHP2kZVmo,no
2026-08-03,Zeeto,1st Place Death Guard takes an RTT with all 3 Lords and a Plague Surgeon,Meta / competitive analysis,,https://www.youtube.com/watch?v=TJQWtTZiP1g,no
2026-08-03,EonsOfBattle,Your Questions Answered! And STUDIO TOUR!,Deployment / setup / terrain,35:40,https://www.youtube.com/watch?v=zoLf3vzC9bM,no
2026-08-03,Chapter Master Valrak,Henry Cavil talks Amazon show on Instagram!,Core rules / how to play,3:04,https://www.youtube.com/watch?v=xDJjJ3MLAeA,no
2026-08-03,Chapter Master Valrak,Henry Cavil talks Amazon show on Instagram! #40k #amazon #henrycavill,Core rules / how to play,,https://www.youtube.com/watch?v=tZCi033aZSU,no
2026-08-02,Auspex Tactics,How to Start a Chaos Space Marine Army in Warhammer 40K 11th Edition – Chaos Marines for Beginners,Core rules / how to play; Army choice / list building; Faction / unit guides,47:18,https://www.youtube.com/watch?v=miiciaUb-E8,yes
2026-08-02,TacticalTortoise 40k,🔴Lone Star Open Major Tournament | Day 1 | Live 40k Tournament Coverage,Battle report; Meta / competitive analysis,,https://www.youtube.com/watch?v=JnVLsIb4QEc,no
2026-08-02,Happy Krumping,Necrons Technomancer Wraiths Exploit in 11th Edition,Meta / competitive analysis,,https://www.youtube.com/watch?v=LKh9zz59SY0,yes
2026-08-02,Warpbane Tactics,Can Grey Knights STILL Win With Purge the Foe?,Missions / objectives / scoring; Battle report,31:22,https://www.youtube.com/watch?v=D5XVd0FRgK8,no
2026-08-02,Warpbane Tactics,Smiling through a tournament-ending loss. 😭 #Warhammer40K #40KMemes,Meta / competitive analysis,,https://www.youtube.com/watch?v=SInmLzDkftU,no
2026-08-02,40K Dirtbags,Orks Kult of Speed vs Orks Green Tide! battle report| Competitive | Warhammer 40k #40k,Battle report; Meta / competitive analysis,29:34,https://www.youtube.com/watch?v=DHVBk9vnR8w,no
2026-08-02,40K Dirtbags,Lone Star Open 40K Grand Tournament,Meta / competitive analysis,,https://www.youtube.com/watch?v=q-N88jQ1cuA,no
2026-08-02,Deploy on the Line 40K,Warpstrike CSM (Disruption) vs Skysplinter Drukhari (Recon) | #warhammer40k 11th Ed. Battle Report,Deployment / setup / terrain; Battle report,2:56:13,https://www.youtube.com/watch?v=gZWxrJy66nw,yes
2026-08-02,Boltgun Tactics,"Live WG Warhammer 40,000 GT. Game 3, Chaos Space Marines vs Khorne Daemons",Army choice / list building; Battle report; Meta / competitive analysis,,https://www.youtube.com/watch?v=Po33OX9ui_Q,yes
2026-08-02,Boltgun Tactics,"Live WG Warhammer 40,000 GT. Game 2, Chaos Space Marines vs Imperial Knights",Army choice / list building; Battle report; Meta / competitive analysis,,https://www.youtube.com/watch?v=gRQZh-QYBIQ,yes
2026-08-02,BGUK Nemesis Gaming,Battle Report: Imperial Knights vs Orks | Battleground Gaming RTT,Missions / objectives / scoring; Battle report; Meta / competitive analysis,2:49:33,https://www.youtube.com/watch?v=Ri2RnTxXKvc,no
2026-08-02,BGUK Nemesis Gaming,August 1st RTT Recap,Army choice / list building; Battle report; Meta / competitive analysis,5:47,https://www.youtube.com/watch?v=a7Pai3aYM3E,no
2026-08-02,BGUK Nemesis Gaming,not going well for orks game 2 #warhammercommunity #warhammer40k #new40k,Battle report,,https://www.youtube.com/watch?v=LqwJlcSQoPo,no
2026-08-02,BGUK Nemesis Gaming,Rich Vs Leanne Round 2 video up soon 👀👀#warhammercommunity #warhammer40k #new40k,Battle report,,https://www.youtube.com/watch?v=Rx5PHuATFno,no
2026-08-02,Alex,"If I Started Warhammer TODAY, I'd Buy This Box First",Core rules / how to play; Missions / objectives / scoring,25:24,https://www.youtube.com/watch?v=5jI_6Gk2eVo,yes
2026-08-02,winters SEO,"Ultramarines vs Tyranids, Warhammer 40k battle report, 11th ed",Battle report,1:50:17,https://www.youtube.com/watch?v=uAmbb_rrUvM,yes
2026-08-02,Warhammer,"Learn to play Warhammer 40,000 | Warhammer Academy",Core rules / how to play,,https://www.youtube.com/watch?v=USylLt-FMos,no
2026-08-02,WarGames Live,Salt City GT Warhammer 40k 11th Edition Tournament Day 3,Meta / competitive analysis,7:11:48,https://www.youtube.com/watch?v=rsUeJlCJr2k,yes
2026-08-02,The Southern Nerd,The Southern Nerd | Space Wolves vs Tyranids | FIRST EVER 11th Edition Battle Report,Battle report; Meta / competitive analysis,1:10:39,https://www.youtube.com/watch?v=7hUcmBiGYkA,yes
2026-08-01,Auspex Tactics,"11th Edition Warhammer 40K - NOT More Narrative, but LOOKS BETTER?",Battle report,16:20,https://www.youtube.com/watch?v=mX7VBM9qJjY,yes
2026-08-01,Tabletop Tactics,Ultramarines vs Tyranids | Warhammer 40k Battle Report,Battle report; Meta / competitive analysis,1:03:03,https://www.youtube.com/watch?v=eUQmB4CTKlk,no
2026-08-01,Revenn's HandiCrafts,【Warhammer TTS】RAVENWING VS DEATH GUARD | Dank Angels vs The Stinky Marines,Missions / objectives / scoring; Battle report,,https://www.youtube.com/watch?v=IIkNQ8uAhZI,no
2026-08-01,Happy Krumping,Why Mozrog Skragbad Is Interesting in 11th Edition,Army choice / list building; Meta / competitive analysis,,https://www.youtube.com/watch?v=zf7Ajgmb7yA,yes
2026-08-01,The Tabletop Alliance 40K,Dark Angels (Priority Assets) Vs Chaos Daemons (Take & Hold) - Warhammer 40k Battle Report,Army choice / list building; Battle report,,https://www.youtube.com/watch?v=8_HAdKldvhs,no
2026-08-01,Play On Tabletop,"Imperium Civil War, What If?- Salamanders vs Crimson Fists | Warhammer 40k Live",Battle report,,https://www.youtube.com/watch?v=1SRkN4Drhs4,no
2026-08-01,6 Plus Plus Gaming,Hope everyone is having a good tournament weekend! #warhammer40k #warhammercommunity #40k #40kmemes,Meta / competitive analysis,,https://www.youtube.com/watch?v=kv8dTcTe8FE,no
2026-08-01,6 Plus Plus Gaming,Our Top 5 Units After the Dataslate! That 6+++ Show Bonus Content,Faction / unit guides; Meta / competitive analysis,,https://www.youtube.com/watch?v=pgPoWa9Hb3Y,no
2026-08-01,Mordian Glory,18 Plastic Bullgryn for £60!! How To Chase The Guard Meta And Not Break The Bank!  Warhammer 40K,Meta / competitive analysis,27:34,https://www.youtube.com/watch?v=lScNTLh__Yc,no
2026-08-01,HivemindHobbies,ANOTHER Vanguard onslaught RTT report!,Deployment / setup / terrain; Meta / competitive analysis,1:40:02,https://www.youtube.com/watch?v=Wm2Hd8h74_o,no
2026-08-01,Factions&Fate,Death Guard vs Tyranids Warhammer 40k 11th Edition Battle Report,Deployment / setup / terrain; Missions / objectives / scoring; Battle report,57:22,https://www.youtube.com/watch?v=OKoDYKdWm1E,yes
2026-08-01,Deploy on the Line 40K,Drukhari List Ideas Using The Updated Dispositions!,Army choice / list building; Deployment / setup / terrain,1:04:49,https://www.youtube.com/watch?v=FT5JoL5Myis,no
2026-08-01,Boltgun Tactics,"Live WG Warhammer 40,000 GT. Game 1, Chaos Space Marines vs Space Wolves.",Army choice / list building; Battle report; Meta / competitive analysis,,https://www.youtube.com/watch?v=DwvP9WcGV1w,yes
2026-08-01,Boltgun Tactics,Warwickshire gamers GT #warhammer40k # #gamesworkshop  #chaosspacemarines #warhammercommunity,Meta / competitive analysis,,https://www.youtube.com/watch?v=EBCnWCobYKA,no
2026-08-01,BGUK Nemesis Gaming,ended up 2-1 beat knights game 3. awesome event another 2-1 #warhammer40k #newwarhammer #new40k,Battle report,,https://www.youtube.com/watch?v=hijrNAOElVs,no
2026-08-01,BGUK Nemesis Gaming,1-0 so far at the #battlegroundgaming RTT. Round 2 a tricky matchup against Blood Angels! #new40k,Battle report; Meta / competitive analysis,,https://www.youtube.com/watch?v=0KBMw41zzPg,no
2026-08-01,Tabletop Titans,Chaos Space Marines vs Imperial Knights - 11th Edition Warhammer 40k Battle Report,Battle report,58:42,https://www.youtube.com/watch?v=5-8gHq90Mx0,yes
2026-08-01,Tactical Sugar,FIRST LIVESTREAM! World Eaters vs Death Guard.,Battle report; Meta / competitive analysis,,https://www.youtube.com/watch?v=Pw6nGPjjTU0,no
2026-08-01,Astrategas Wargames,METAFORGE: LEAGUES OF VOTANN | Análisis de las MEJORES Listas Competitivas | Warhammer 40.000,Meta / competitive analysis,42:06,https://www.youtube.com/watch?v=H0PbEIHsKWc,no
2026-08-01,WarGames Live,Salt City GT Warhammer 40k 11th Edition Tournament Day 2,Meta / competitive analysis,7:23:07,https://www.youtube.com/watch?v=5Rgum0oQ0bg,yes
2026-08-01,WarGames Live,Salt City GT Warhammer 40k 11th Edition Tournament Day 1,Meta / competitive analysis,10:34:33,https://www.youtube.com/watch?v=bqLS8fa7FAs,yes
2026-08-01,TacticalRock40K,Dark Angels ICC -2 To Hit Rule Change Prediction,Core rules / how to play,,https://www.youtube.com/watch?v=G8DDK5j0wD4,yes
2026-07-31,Auspex Tactics,Terminators FINALLY Got STRONG in 40K 11th Edition? Unit Review + Combos,Faction / unit guides,23:58,https://www.youtube.com/watch?v=rbY2BmMMnLs,yes
2026-07-31,TacticalTortoise 40k,🔴PRIMARCH SHOWDOWN | Emperor's Children vs. Thousand Sons | T5S2 S11 Pod 7 FINALS | Batrep,Battle report,,https://www.youtube.com/watch?v=k1fmvk6LQC4,no
2026-07-31,Happy Krumping,The Most Important Week in Competitive Warhammer 40K,Meta / competitive analysis,14:34,https://www.youtube.com/watch?v=VbUNpVvtwVs,no
2026-07-31,Happy Krumping,How I Predicted the Field and Built My Ork List in 11th Edition,Meta / competitive analysis,,https://www.youtube.com/watch?v=7YBQVW_g1y8,yes
2026-07-31,Mordian Glory,"""GuArD iS a-TiEr GuYs!"" - Week 5 Of Guard Being At The Absolute BOTTOM of the Meta!  | Warhammer 40K",Meta / competitive analysis,1:32:52,https://www.youtube.com/watch?v=86sEly1Wq2Y,no
2026-07-31,40K Dirtbags,Death Guard vs Salamanders Space Marines Battle Report | Competitive | Warhammer 40k #40k,Battle report; Meta / competitive analysis,40:42,https://www.youtube.com/watch?v=F5TL7LhZJlY,no
2026-07-31,40K Dirtbags,First time flying to a GT??? List In description.,Missions / objectives / scoring; Meta / competitive analysis,,https://www.youtube.com/watch?v=vr7o_5ImYrE,no
2026-07-31,40k Vtuber: Christian Von Carmian,Are Imperial Agents “So Back”? A deep look into the state of the faction in 11th ed Warhammer 40K,Army choice / list building,36:39,https://www.youtube.com/watch?v=NOqsUuYlFkg,yes
2026-07-31,SkaredCast,11th Edition 40k - RSR Drukhari vs Corsair Aeldari 40k Battle Report,Battle report,53:31,https://www.youtube.com/watch?v=zscLe1IEuBo,yes
2026-07-31,PNW 40K,World Eaters vs Necrons | Full Battle Report Take and Hold,Missions / objectives / scoring; Battle report; Meta / competitive analysis,24:16,https://www.youtube.com/watch?v=-SJlDNGF7h4,no
2026-07-31,PNW 40K,Can 30 Terminators Win? Space Wolves vs Necrons,Deployment / setup / terrain; Battle report; Meta / competitive analysis,30:22,https://www.youtube.com/watch?v=PPBEJrmuflg,no
2026-07-31,Grimdark Breakdown,The Shokk Attack Gun Just DELETED My Speeder! 🤯 #11thedition #warhammer40k,Battle report; Meta / competitive analysis,,https://www.youtube.com/watch?v=Nb83NXTb2lk,yes
2026-07-31,Secondary Objective,9 Steps to Build Your Warhammer 40k Tournament Winning List FAST!,Meta / competitive analysis,,https://www.youtube.com/watch?v=3ugR54BKtx0,no
2026-07-31,Planet 40K,Win More Games with the Nightbringer in 11th Edition!,Deployment / setup / terrain,10:18,https://www.youtube.com/watch?v=lNn0zv_w8t8,yes
2026-07-31,MiniWarGaming,Thunderhawk Assault | T’au vs Space Marines Warhammer 40K Battle Report,Phase tactics; Battle report,1:16:44,https://www.youtube.com/watch?v=VvZD_rjUBjE,no
2026-07-31,Liam Dempsey,Aeldari Vs Ultramarines - Warhammer 40k 11th Edition,Battle report,,https://www.youtube.com/watch?v=dMoyZxoPVJ4,yes
2026-07-31,Warp Friends,Faction Focus - Necrons & Blood Angels - 40k Meta Breakdown - July 31th 2026,Faction / unit guides; Meta / competitive analysis,14:59,https://www.youtube.com/watch?v=t2x8W18a9Vk,yes
2026-07-31,Astrategas Wargames,METAFORGE: Orks | Análisis de las MEJORES Listas Competitivas | Warhammer 40.000,Meta / competitive analysis,53:30,https://www.youtube.com/watch?v=e5uv9-HDJII,no
2026-07-31,rootstem gaming,"Warhammer 40k 11th Edition Battle Report, Astra Militarum v Necrons",Battle report,43:55,https://www.youtube.com/watch?v=CNaCWUAHx04,yes
2026-07-31,EonsOfBattle,Why Won’t Warhammer Fix Combat Patrol?,Deployment / setup / terrain,22:51,https://www.youtube.com/watch?v=XDZVl_RTGDk,no
2026-07-31,Tabletop Nexus,Are Orks Actually Broken in Warhammer 40K 11th Edition?,Army choice / list building; Meta / competitive analysis,15:38,https://www.youtube.com/watch?v=QZ9wggn2oUo,yes
2026-07-31,TacticalRock40K,Dark Angels ICC -2 To Hit Rule Change Prediction,Core rules / how to play,,https://www.youtube.com/watch?v=aa-PLf3lQz8,no
2026-07-31,StrikingScorpion82,Army Development LEVIATHAN TYRANIDS Warhammer 40K 11th Edition 2000pts,Army choice / list building; Missions / objectives / scoring,33:52,https://www.youtube.com/watch?v=sPWC5HujB_Y,yes
2026-07-30,Auspex Tactics,Top 40K Factions After the Balance Update? What’s Looking Strong!,Meta / competitive analysis,20:43,https://www.youtube.com/watch?v=D2PVM584Q1s,no
2026-07-30,Auspex Tactics,Death Korps of Krieg - an Army Overview in 11th Edition Warhammer 40K- Unit Reviews + Siege Regiment,Faction / unit guides,23:43,https://www.youtube.com/watch?v=6XA5vMzjlxc,yes
2026-07-30,Auspex Tactics,The Tactical Squad OUTLASTED the Primaris Intercessors? Space Marine Releases are Weird! #40k,Battle report,,https://www.youtube.com/watch?v=rUvYGtCknwc,no
2026-07-30,TacticalTortoise 40k,The STRONGEST Fight Phase tricks in 40k | Warhammer 40k 11th Edition Tactics,Phase tactics,18:57,https://www.youtube.com/watch?v=_hGkcildjx0,yes
2026-07-30,TacticalTortoise 40k,🔴Adeptus Mechanicus (Aderyn) vs. Grey Knights (Enba) | T5S2 S10 Invitational | 40k Batrep,Battle report,,https://www.youtube.com/watch?v=nGqRAvAMTYA,no
2026-07-30,Art of War 40k,Aeldari vs Necrons Competitive Battle Report,Battle report; Meta / competitive analysis,2:51:30,https://www.youtube.com/watch?v=ym0SnzF2ydg,no
2026-07-30,Happy Krumping,Take and Hold vs Purge the Foe -  First Turn vs Second Turn 11th Edition,Deployment / setup / terrain; Missions / objectives / scoring; Battle report; Meta / competitive analysis,,https://www.youtube.com/watch?v=gHziJuOF41Q,yes
2026-07-30,6 Plus Plus Gaming,TTS Fight Night - Orks vs Raven Guard,Battle report; Meta / competitive analysis,,https://www.youtube.com/watch?v=hNfUDtAuTtU,yes
2026-07-30,6 Plus Plus Gaming,How Teams Prepared for the Warhammer 40K World Team Championships! That 6+++ Show Episode 193,Meta / competitive analysis,,https://www.youtube.com/watch?v=C-zaG2jtJbA,no
2026-07-30,Master Crafted,Master Crafted Live - Lone Star Open Tournament Prep,Deployment / setup / terrain; Missions / objectives / scoring; Meta / competitive analysis,,https://www.youtube.com/watch?v=-Qxaxl8VAkw,no
2026-07-30,Master Crafted,Master Crafted Live - Lone Star Open Tournament Prep,Deployment / setup / terrain; Missions / objectives / scoring; Meta / competitive analysis,,https://www.youtube.com/watch?v=7Dn8dW3vm6M,no
2026-07-30,Grimdark Breakdown,How to Prepare for a Warhammer 40K Tournament (What Veteran Players Actually Do),Army choice / list building; Meta / competitive analysis,1:14:35,https://www.youtube.com/watch?v=DXxzk1ACiGM,no
2026-07-30,Grimdark Breakdown,Tournament Prep - Tips of Veteran Players!  #warhammer40k #11thedition,Battle report; Meta / competitive analysis,,https://www.youtube.com/watch?v=O0iO1a3uguw,yes
2026-07-30,Grimdark Breakdown,LIVE: Ravenwing vs ORK | Dark Angels vs ORK | Warhammer 40K 11th,Battle report; Meta / competitive analysis,,https://www.youtube.com/watch?v=WAmPxsLr3mU,yes
2026-07-30,Grimdark Breakdown,There Is NO Perfect Warhammer 40K List  #11thedition #warhammer40k,Battle report; Meta / competitive analysis,,https://www.youtube.com/watch?v=-CJMUUo_sTQ,yes
2026-07-30,Grimdark Breakdown,Stop Changing Your 40K List After Every Loss!  #warhammer40k #warhammer #11thedition,Deployment / setup / terrain; Missions / objectives / scoring; Meta / competitive analysis,,https://www.youtube.com/watch?v=MoRcrDK2AWo,yes
2026-07-30,WednesdayNightWarhammer,Blood Angels vs Emperor's Children! 11th edition battle report,Missions / objectives / scoring; Battle report,,https://www.youtube.com/watch?v=YfWMgTRbK7A,yes
2026-07-30,Hubtown Hammer,Adeptus Custodes July 2026 RTT Results Warhammer 40K 11th Edition.,Meta / competitive analysis,17:06,https://www.youtube.com/watch?v=vLQTE5P6pJg,yes
2026-07-30,Maelstrom Gaming Studios - Tyranids,Taking Tyranids to a Major Warhammer 40k Tournament | Warhammer 40k 11th Ed,Battle report; Meta / competitive analysis,42:21,https://www.youtube.com/watch?v=efeKiBbPUPM,yes
2026-07-30,Omnii,"BIRTHDAY STREAM! | 40K, GAMES AND YAP!",Battle report,,https://www.youtube.com/watch?v=ercGdY2CHtg,no
2026-07-30,Tactical Sugar,FIRST LIVESTREAM! World Eaters vs Death Guard.,Battle report; Meta / competitive analysis,,https://www.youtube.com/watch?v=SyVxk7EW_tI,no
2026-07-30,Tabletop Gaming Alliance,Warhammer 40K starten: Diese 6 Käufe würde ich vermeiden,Core rules / how to play,10:58,https://www.youtube.com/watch?v=4l9CzJjdOIw,no
2026-07-29,Auspex Tactics,"11th Edition’s New Codexes Mean What? Flamer Changes, Combi Weapons, Army Rules, Detachments + More!",Deployment / setup / terrain,26:55,https://www.youtube.com/watch?v=dQTRoQmxmps,yes
2026-07-29,TacticalTortoise 40k,🔴Grey Knights (Feather) vs. Necrons (Isaac Terada) | T5S2 S10 Invitational | 40k Batrep,Battle report,,https://www.youtube.com/watch?v=Ig4O6p2qQj8,no
2026-07-29,Vanguard Tactics,Ultramarines Vs World Eaters 11th Edition Warhammer 40K Battle Report,Battle report,3:16:20,https://www.youtube.com/watch?v=OWWBOCZPCWw,yes
2026-07-29,Happy Krumping,Beast Snagga Boyz 19 Inch Movement Trick Orks 11th Edition Warhammer 40k,Meta / competitive analysis,,https://www.youtube.com/watch?v=Q_2KyEDFze4,yes
2026-07-29,HivemindHobbies,"Tyranid army list review show episode 18, 11th edition lists!",Army choice / list building,,https://www.youtube.com/watch?v=of66D0ItjOw,yes
2026-07-29,Factions&Fate,How To Play Warhammer 40K 11th Edition : Deployment and Command Phase Made Simple!,Core rules / how to play; Deployment / setup / terrain; Phase tactics,42:02,https://www.youtube.com/watch?v=3BvC9QTwdB0,yes
2026-07-29,Deploy on the Line 40K,The Masters ARE UNLEASHED! - 3 Detachment Ideas about the Changed Masters of the Maelstrom,Deployment / setup / terrain,50:14,https://www.youtube.com/watch?v=0raOfKKyy0A,no
2026-07-29,Grimdark Breakdown,Stop Changing Your Warhammer 40K List! How to Actually Prepare for a Tournament,Core rules / how to play; Meta / competitive analysis,10:49,https://www.youtube.com/watch?v=7j2Ylmc-Bps,no
2026-07-29,Secondary Objective,How I started winning Warhammer 40k tournaments - List Building 101,Core rules / how to play; Army choice / list building; Meta / competitive analysis,11:52,https://www.youtube.com/watch?v=DlitlMvYe_U,no
2026-07-29,Secondary Objective,Win Tournaments of Warhammer 40k - My Winning List Building Process Revealed!,Army choice / list building; Meta / competitive analysis,,https://www.youtube.com/watch?v=DFtpKMRhlZM,no
2026-07-29,BGUK Nemesis Gaming,Boltgun Tactics GT recap- 3 top 10 placings for the Nemesis team,Faction / unit guides; Meta / competitive analysis,10:43,https://www.youtube.com/watch?v=NlC9ttokwUc,no
2026-07-29,Tabletop Titans,What's Winning Now? - Competitive 11th Edition Warhammer 40k,Meta / competitive analysis,,https://www.youtube.com/watch?v=tKXQKVdaLYU,yes
2026-07-29,Tabletop Titans,Emperor's Children vs Blood Angels - NEW SPACE MARINES - 11th Edition Warhammer 40k Battle Report,Army choice / list building; Missions / objectives / scoring; Battle report,3:42:30,https://www.youtube.com/watch?v=Krfpc2el0cA,yes
2026-07-29,MiniWarGaming,Stabby Shadows - Ravenguard vs Drukhari Warhammer 40k Battle Report,Deployment / setup / terrain; Battle report,1:33:21,https://www.youtube.com/watch?v=3lwK9jAR0RM,yes
2026-07-29,Warp Friends,11th Edition Meta Stats Week of July 27th 2026 - Warhammer 40k Tournament Review,Meta / competitive analysis,25:49,https://www.youtube.com/watch?v=PShNfK_IJAA,yes
2026-07-29,Tactical Sugar,The BEST World Eater List in 11th Edition,Core rules / how to play; Deployment / setup / terrain; Meta / competitive analysis,1:03:34,https://www.youtube.com/watch?v=R2i_yhVilWc,yes
2026-07-29,Baldur Wargaming,Chaos Knights vs Tyranids | Subterranean Assault vs Infernal Lance | 40K Battle Report,Battle report,1:03:10,https://www.youtube.com/watch?v=1o28nrao9hU,yes
2026-07-29,EonsOfBattle,Can I Fix My Old Army?,Deployment / setup / terrain,17:05,https://www.youtube.com/watch?v=cnnhZiIQGpM,no
2026-07-29,TacticalRock40K,Dark Angels FINALLY Got Everything We Asked For in 11th Edition,Army choice / list building,16:44,https://www.youtube.com/watch?v=6-MK84xKo4s,yes
2026-07-28,Auspex Tactics,Warhammer 40K Datasheets and Unit Profiles EXPLAINED - How to Play Warhammer 40K 11th Edition Series,Core rules / how to play; Faction / unit guides,24:09,https://www.youtube.com/watch?v=10CkuSHMz2w,yes
2026-07-28,Auspex Tactics,One Strong Army List for Every Warhammer 40K Faction in 11th Edition - After the First Update!,Army choice / list building; Meta / competitive analysis,1:14:52,https://www.youtube.com/watch?v=1yxtTnPFjiE,yes
2026-07-28,TacticalTortoise 40k,🔴What's winning in the NEW META!? | TacticalTuesday 40k Live Stream Show,Army choice / list building; Meta / competitive analysis,,https://www.youtube.com/watch?v=07EX3siR7QE,no
2026-07-28,Art of War 40k,Top 5 Tips for Improving Your Warhammer 40k Skills,Faction / unit guides,27:43,https://www.youtube.com/watch?v=oy4QnDaLQVc,no
2026-07-28,Art of War 40k,The Warhammer 40k Meta Recap - July 28th,Meta / competitive analysis,,https://www.youtube.com/watch?v=cVNZ4xFeS3g,no
2026-07-28,Happy Krumping,Take and Hold vs Purge the Foe Win Rates 11th Edition Warhammer 40k,Battle report; Meta / competitive analysis,,https://www.youtube.com/watch?v=VPhdpDu1diw,yes
2026-07-28,Play On Tabletop,Black Templar vs Genestealer Cults - Workers Rise Up! Warhammer 40k40m Battle.,Battle report,49:01,https://www.youtube.com/watch?v=mjcG7DCwNcY,no
2026-07-28,6 Plus Plus Gaming,It’s approaching that time… #warhammer40k #warhammercommunity #warhammermemes #40k #40kmemes #wtc,Meta / competitive analysis,,https://www.youtube.com/watch?v=48OsMwZMVgg,no
2026-07-28,6 Plus Plus Gaming,Ep. 42: How Does The New Meta Look? | The 40k Lunchtime Show,Meta / competitive analysis,,https://www.youtube.com/watch?v=faRspV8ir4Q,no
2026-07-28,40K Dirtbags,Grey Knights vs Astra militarum! 11th edition battle report | Competitive | Warhammer 40k #40k,Battle report; Meta / competitive analysis,36:23,https://www.youtube.com/watch?v=0Gcpze1G4Lc,yes
2026-07-28,40k Vtuber: Christian Von Carmian,Upgrades vs Enhancements in 11th ed Warhammer 40K,Core rules / how to play; Battle report,5:56,https://www.youtube.com/watch?v=d5Va7lWLz4M,yes
2026-07-28,40K Fireside,5 Best Marine Builds at WTC,Meta / competitive analysis,23:58,https://www.youtube.com/watch?v=aDx0VdhWo8g,no
2026-07-28,40K Fireside,High level WTC Meta Statistics,Missions / objectives / scoring; Meta / competitive analysis,17:31,https://www.youtube.com/watch?v=AqVFoDXkrC8,no
2026-07-28,SkaredCast,Golden Ticket GT - 6-0 Drukhari Recon 40k Tournament Review | Skaredcast,Meta / competitive analysis,16:41,https://www.youtube.com/watch?v=QGeRSoZe4jY,no
2026-07-28,Grimdark Breakdown,World Eaters Are BACK! 100 Points in Every Game | Undefeated Tournament Run,Army choice / list building; Deployment / setup / terrain; Missions / objectives / scoring; Battle report; Meta / competitive analysis,43:11,https://www.youtube.com/watch?v=DdnlLjrChNs,yes
2026-07-28,Grimdark Breakdown,World Eaters Scored 100 EVERY Game 🤯,Army choice / list building; Missions / objectives / scoring; Meta / competitive analysis,,https://www.youtube.com/watch?v=20jQTOd9xYk,yes
2026-07-28,Planet 40K,The MOST OVERPOWERED Necron Unit? C'tan Shard Analysis,Meta / competitive analysis,17:52,https://www.youtube.com/watch?v=HQ0sQa37uHA,yes
2026-07-28,BGUK Nemesis Gaming,Boltgun Tactics GT - Battle report Orks vs Adeptus custodes. Rich vs Sam,Battle report; Meta / competitive analysis,2:08:57,https://www.youtube.com/watch?v=Qp1URnXtLDg,no
2026-07-28,Liam Dempsey,Dark Angels Vs Chaos Space Marines - Warhammer 40k 11th Edition,Battle report,,https://www.youtube.com/watch?v=6_2MKSBR4_k,yes
2026-07-28,Invasive Wargaming,Most Efficient T'au Shooting Units | Warhammer 40k 11th Edition,Missions / objectives / scoring,24:45,https://www.youtube.com/watch?v=PVIF1GsdkNU,yes
2026-07-28,Baldur Wargaming,How to make jungle scatter terrain for #warhammer40k #11thedition40k boards,Deployment / setup / terrain,,https://www.youtube.com/watch?v=BH-mXICRVvE,yes
2026-07-28,Astrategas Wargames,METAFORGE: Imperial Knights | Análisis de las MEJORES Listas Competitivas | Warhammer 40.000,Meta / competitive analysis,34:32,https://www.youtube.com/watch?v=99acEvVGeGs,no
2026-07-28,Slammin' Hams,Warhammer 40k 11th: How to Play Through a Turn | Slammin’ Hams,Core rules / how to play,37:21,https://www.youtube.com/watch?v=Hy10TwOZR0Q,yes
2026-07-28,Chapter Master Valrak,40K AMAZON SCRIPT WRITER CONFIRMED!,Core rules / how to play,6:15,https://www.youtube.com/watch?v=W50tpDzqVPI,no
2026-07-27,Auspex Tactics,Top Ten Strongest Adeptus Custodes Units in 11th? Most Commonly Played Datasheets!,Faction / unit guides,23:54,https://www.youtube.com/watch?v=UriLrHJIiCg,yes
2026-07-27,TacticalTortoise 40k,Terminator Space Wolves CONQUER 40k's Biggest Event! | The BEST Armies in 40k 7.29.26 Edition,Meta / competitive analysis,59:33,https://www.youtube.com/watch?v=MCtFjyblxR8,no
2026-07-27,Happy Krumping,How the Ork Wall Beats Custodes in 11th Edition Warhammer 40k,Meta / competitive analysis,,https://www.youtube.com/watch?v=eGtCwp9f_tk,yes
2026-07-27,The Tabletop Alliance 40K,First Tournament of The New Edition... Disaster! 😬,Battle report; Meta / competitive analysis,25:21,https://www.youtube.com/watch?v=4Tt7L8U2CRw,no
2026-07-27,Master Crafted,Deathwatch Recap - Warhammer 40k - Master Crafted,Deployment / setup / terrain; Meta / competitive analysis,55:28,https://www.youtube.com/watch?v=djUIVbqWoZ4,yes
2026-07-27,Into the Hive Mind,Tyranid Tier List! Post Dataslate with all 52 datasheets,Faction / unit guides; Meta / competitive analysis,1:09:56,https://www.youtube.com/watch?v=skMOBVQxjNo,yes
2026-07-27,Mordian Glory,So I Took 18 Bullgryn and 2 Super-heavies to a Tournament... | Warhammer 40K,Meta / competitive analysis,1:55:15,https://www.youtube.com/watch?v=rhKQ_UFPHos,no
2026-07-27,40K Dirtbags,🔴The Dugout Ep2: Lone  Star Open Prep Madness!,Battle report; Meta / competitive analysis,,https://www.youtube.com/watch?v=_tPwSxb4kCw,no
2026-07-27,CraftworldEldar,Aeldari and the first 11th Edition Balance Update!,Meta / competitive analysis,43:45,https://www.youtube.com/watch?v=N_p_DAW_miw,yes
2026-07-27,Recon By Fire,Imperial Knights vs Salamanders Breakdown #warhammer40k #battlereport,Battle report,23:32,https://www.youtube.com/watch?v=42CPnCfuCN8,no
2026-07-27,Basement Dwellers Tabletop,Orks Meta,Meta / competitive analysis,,https://www.youtube.com/watch?v=afbV6CttCAo,no
2026-07-27,Grimdark Breakdown,11th Edition Dataslate: Biggest Winners & Losers Tier List | Meta Monday #36,Faction / unit guides; Meta / competitive analysis,1:04:16,https://www.youtube.com/watch?v=MG546BN181w,yes
2026-07-27,Boltgun Tactics,"Live Game 5, Orks vs Chaos Space marines. 11th edition.",Army choice / list building; Battle report; Meta / competitive analysis,,https://www.youtube.com/watch?v=W6Rll6CRvXQ,yes
2026-07-27,Hubtown Hammer,Adeptus Custodes Top Enhancements All 9 Detachments 11th Edition Warhammer 40K,Meta / competitive analysis,18:03,https://www.youtube.com/watch?v=ET9gYSgKRfs,yes
2026-07-27,Mid Table Tactics,11TH EDITION! Genestealer Cult VS Leagues of Votann| 40k Battle Report,Battle report,,https://www.youtube.com/watch?v=UbKxGj0lmmI,yes
2026-07-27,Omnii,3 People take turns playing Warhammer w/ @Abbystealer || Warhammer 40k Battle Report,Battle report,,https://www.youtube.com/watch?v=gBZduChX9ww,no
2026-07-27,Hellstorm Wargaming,🔴 WTC made an FAQ 💀 Speedrunning Warhammer Academy + Miniature Masters Watch Along (ep3) #new40k,Meta / competitive analysis,,https://www.youtube.com/watch?v=SsTFvbBTI2w,no
2026-07-27,Astrategas Wargames,⭐️INFORME WARHAMMER 40K⭐️ Necrons VS Thousand Sons - Undécima edición,Battle report,1:06:44,https://www.youtube.com/watch?v=4xAiqOTiq70,no
2026-07-27,EonsOfBattle,Starting A New Army That Might Be Impossible!,Army choice / list building; Deployment / setup / terrain,18:40,https://www.youtube.com/watch?v=uhwBH6GcaDw,no
2026-07-27,WarGames Live,Northern Maelstrom Warhammer 40k 11th Edition Tournament Day 2,Meta / competitive analysis,10:42:07,https://www.youtube.com/watch?v=__hBFCRj-uU,yes
2026-07-27,TacticalRock40K,Scoring and Denying in Warhammer 40K 11th Edition,Missions / objectives / scoring,,https://www.youtube.com/watch?v=ttJKDL1WDKc,yes
2026-07-26,Auspex Tactics,How to Start an Adeptus Mechanicus Army in Warhammer 40K 11th Edition - Admech Beginner Guide!,Core rules / how to play; Army choice / list building,35:03,https://www.youtube.com/watch?v=yRoWyLtWeZE,yes
2026-07-26,TacticalTortoise 40k,🔴Adeptus Mechanicus (Aderyn) vs. Chaos Space Marines (Syncaine) | T5S2 S10 Invitational | 40k Batrep,Battle report,,https://www.youtube.com/watch?v=wdfAEKF2nmo,no
2026-07-26,Happy Krumping,Facing My Nemesis in the Finals at a Warhammer 40k Tournament,Meta / competitive analysis,,https://www.youtube.com/watch?v=GwxehySRVFo,no
2026-07-26,Warpbane Tactics,I Took Grey Knights to an RTT… Did This List Work?,Meta / competitive analysis,8:53,https://www.youtube.com/watch?v=PWtaFLZYu_U,no
2026-07-26,Night Geist Gaming,Exodites Review: Better Than Shining Spears?,Army choice / list building; Faction / unit guides,14:18,https://www.youtube.com/watch?v=BC-Ek0ZGBfk,no
2026-07-26,Mordian Glory,Absolute Meta or Pure Abomination? My 1st Competitive Guard 11th Edition List! | Warhammer 40K,Meta / competitive analysis,23:04,https://www.youtube.com/watch?v=sWeNOd_mq0g,yes
2026-07-26,40K Dirtbags,🔴ORKS New Detachment Might be broken? Live Stream equatorial hordes & freebooter krew,Battle report; Meta / competitive analysis,,https://www.youtube.com/watch?v=EBJW0VDeT_Q,no
2026-07-26,40k Vtuber: Christian Von Carmian,Helping New Players Learn Warhammer 40K with Aunty Donna,Core rules / how to play; Army choice / list building,38:22,https://www.youtube.com/watch?v=TSV8tBSYQKw,no
2026-07-26,Exalted40k,Daemonkin are OVERPOWERED! Insane tricks and combos!,Core rules / how to play; Meta / competitive analysis,1:18:42,https://www.youtube.com/watch?v=RPGAzbtzR14,no
2026-07-26,Deploy on the Line 40K,Drukhari Kabalite Cartel vs Emperor's Children Carnival of Excess 11th Edition Battlereport,Deployment / setup / terrain; Battle report,2:48:43,https://www.youtube.com/watch?v=jJwrYZs3l-I,yes
2026-07-26,FirstTurnTactics,Maximize damage output! Weird Warhammer 40k 11th rules and how to use them!,Core rules / how to play,,https://www.youtube.com/watch?v=-jxRoL62nG8,yes
2026-07-26,Boltgun Tactics,"Live Ultramarines vs Word bearers , chaos space marines vs space marines",Army choice / list building; Battle report; Meta / competitive analysis,,https://www.youtube.com/watch?v=0DqXF_L1Eqk,yes
2026-07-26,Boltgun Tactics,"Warhammer 40k 11th edition GT. Game 3, Chaos space marines vs ???",Army choice / list building; Battle report; Meta / competitive analysis,,https://www.youtube.com/watch?v=LSyR31tHUaY,yes
2026-07-26,Boltgun Tactics,"Warhammer 40k 11th edition GT. Game 2, Chaos Space Marines vs ???",Army choice / list building; Battle report; Meta / competitive analysis,,https://www.youtube.com/watch?v=QaBKWG-TNSo,yes
2026-07-26,BGUK Nemesis Gaming,Nemesis List Breakdown Episode 4 – Bully Boyz/Taktikal Brigade,Missions / objectives / scoring,15:30,https://www.youtube.com/watch?v=OIFlVXunZbY,no
2026-07-26,winters SEO,"Blood Rain! World Eaters vs Space Wolves, Warhammer 40k battle report",Core rules / how to play; Battle report,1:38:15,https://www.youtube.com/watch?v=rDpCQ8lkS-Y,no
2026-07-26,WarGames Live,Northern Maelstrom Warhammer 40k 11th Edition Tournament Day 1,Meta / competitive analysis,11:21:39,https://www.youtube.com/watch?v=1AwnDclFviQ,yes
2026-07-25,Auspex Tactics,TWELVE Warhammer 40K Units that ROSE UP in the Recent Balance Dataslate,Meta / competitive analysis,27:55,https://www.youtube.com/watch?v=LwKgOoHAWd8,no
2026-07-25,Tabletop Tactics,Adepta Sororitas vs Chaos Daemons | Warhammer 40k Battle Report,Battle report; Meta / competitive analysis,1:07:51,https://www.youtube.com/watch?v=oi1H7qgkY8w,no
2026-07-25,Revenn's HandiCrafts,Force Dispositions For DUMMIES | How To Play Warhammer 40k |,Core rules / how to play,28:41,https://www.youtube.com/watch?v=MvltwQWfSn0,no
2026-07-25,Happy Krumping,Big Mek Dakkarig vs Tau Pathfinders Orks 11th Edition,Battle report; Meta / competitive analysis,,https://www.youtube.com/watch?v=Zr-8RbmfwPk,yes
2026-07-25,Odyssey40k,HOW To Build The BEST LIST - Warhammer 40K 11th Edition,Army choice / list building,30:59,https://www.youtube.com/watch?v=IMwm-vbC3po,yes
2026-07-25,40K Dirtbags,Orks vs Tau Recon! Battle report Pre nerf | Competitive | Warhammer 40k #40k,Battle report; Meta / competitive analysis,38:58,https://www.youtube.com/watch?v=N4Q9srwT8F0,no
2026-07-25,40k Vtuber: Christian Von Carmian,Gollum Needs the 40k App,Deployment / setup / terrain,,https://www.youtube.com/watch?v=6sxzlRGOCfU,no
2026-07-25,Factions&Fate,Space Marines vs Chaos Knights,Battle report,55:01,https://www.youtube.com/watch?v=aUydssQy0Q8,yes
2026-07-25,40K Fireside,The First 11th Ed Balance Update - Our Initial Reaction | 40K Fireside,Meta / competitive analysis,53:50,https://www.youtube.com/watch?v=zu2iyWo6mhg,yes
2026-07-25,SkaredCast,40k July Update - Road to WTC and More! - The Weekly Show -  S4 E30,Meta / competitive analysis,,https://www.youtube.com/watch?v=AZIaA_0sdNc,no
2026-07-25,PNW 40K,The BOYS Are Back Talking All Things Necrons in 11th Edition,Meta / competitive analysis,,https://www.youtube.com/watch?v=cQ6FH5vhA7g,yes
2026-07-25,Grimdark Breakdown,Sisters of Battle 11th Edition: State of the Faction & Matchup Tier List | Warhammer 40K,Faction / unit guides; Battle report; Meta / competitive analysis,31:13,https://www.youtube.com/watch?v=FIc-OsgWazY,yes
2026-07-25,Boltgun Tactics,"Warhammer 40k 11th Edition GT. Game 1, Chaos Space Marines vs Custodes.",Army choice / list building; Battle report; Meta / competitive analysis,,https://www.youtube.com/watch?v=QorLQHpqiAM,yes
2026-07-25,Boltgun Tactics,Boltgun Tactics GT #chaosspacemarine #warhammer40k #gamesworkshop,Meta / competitive analysis,,https://www.youtube.com/watch?v=Y8es_GCBhIg,no
2026-07-25,BGUK Nemesis Gaming,1-1 so far round 3 orks on ork action #warhammer40k #warhammercommunity #warhammer40000 #wargaming,Battle report,,https://www.youtube.com/watch?v=kwrxc68_CKE,no
2026-07-25,Hubtown Hammer,Adeptus Custodes July 2026 RTT List Post Update 11th Edition Warhammer 40K,Meta / competitive analysis,15:31,https://www.youtube.com/watch?v=YPYzY22j8zY,yes
2026-07-25,Tabletop Titans,White Scars vs Orks - Competitive Warhammer 40K Battle Report - Titan Duels,Battle report; Meta / competitive analysis,45:09,https://www.youtube.com/watch?v=7zLT__hnwek,no
2026-07-25,Zeeto,Death Guard First RTT of 11th - Land Raider Returns!,Meta / competitive analysis,,https://www.youtube.com/watch?v=o6ZqtfQx2rU,yes
2026-07-25,Warhammer,Gaming | Warhammer Academy,Core rules / how to play,,https://www.youtube.com/watch?v=tIv6jfpwLtY,no
2026-07-25,Chapter Master Valrak,Total War 40k Livestream reveal was MASSIVE!!,Core rules / how to play,7:28,https://www.youtube.com/watch?v=b0ecuqc17AQ,no
2026-07-25,TacticalRock40K,This 11th Edition Dark Angels List Isn't Bulletproof,Battle report,,https://www.youtube.com/watch?v=AanFL80lLxI,yes
2026-07-24,Auspex Tactics,How to Play Warhammer 40K Combat Patrol EXPLAINED for 11th Edition - Beginner's Guide!,Core rules / how to play,23:00,https://www.youtube.com/watch?v=upWXT0yHP5g,yes
2026-07-24,Happy Krumping,Dark Angels Might Be the Best Army in 11th Edition!,Army choice / list building; Deployment / setup / terrain; Meta / competitive analysis,25:33,https://www.youtube.com/watch?v=SkaqF6vbCYA,yes
2026-07-24,Happy Krumping,My Thoughts on Purge the Foe in 11th Edition,Meta / competitive analysis,,https://www.youtube.com/watch?v=-mimY2Bw-KA,yes
2026-07-24,Play On Tabletop,Cults vs Raven Guard.  Warhammer 40k Live Stream | balance patch is here. Let's test it out,Battle report,,https://www.youtube.com/watch?v=TPV3hVKSUxw,yes
2026-07-24,Poorhammer,First Rules Update HOT TAKES! - Warhammer 40K 11th Edition,Core rules / how to play; Meta / competitive analysis,2:00:16,https://www.youtube.com/watch?v=__kQ4Oa9NgY,yes
2026-07-24,Master Crafted,Tacoma Recap with Steven Pampreen (Orks)- Warhammer 40k - Master Crafted,Deployment / setup / terrain,1:29:16,https://www.youtube.com/watch?v=UFM4VDe0NZo,no
2026-07-24,Warpbane Tactics,Grey Knights Update What Changed,Core rules / how to play,14:00,https://www.youtube.com/watch?v=veM7sLjtdIw,no
2026-07-24,Mordian Glory,"I BROKE Melee Armies & 11th Edition At My First Team Tournament! | Warhammer 40,000",Meta / competitive analysis,1:19:24,https://www.youtube.com/watch?v=AjwLtF9Y2zs,yes
2026-07-24,40k Vtuber: Christian Von Carmian,11th ed Warhammer 40K : Worst of both Worlds?,Meta / competitive analysis,,https://www.youtube.com/watch?v=SSpaszoxW14,yes
2026-07-24,Recon By Fire,List building with 40K by Knight!,Army choice / list building,1:08:18,https://www.youtube.com/watch?v=yGE0DeIs8xw,no
2026-07-24,SkaredCast,NEW 40k - Drukhari Disruption vs Death Guard Purge - Warhammer 40000 Battle Report | Skaredcast,Battle report,57:13,https://www.youtube.com/watch?v=nCQuNE_8V44,no
2026-07-24,Grimdark Breakdown,Dark Angels State of the Faction & Matchup Tier List | Best 11th Edition Lists After the Dataslate,Faction / unit guides; Battle report; Meta / competitive analysis,20:17,https://www.youtube.com/watch?v=GXTtUEhUgmQ,yes
2026-07-24,Planet 40K,3 Ways to Build Your Necrons Around Necron Tomb Blades!,Deployment / setup / terrain; Missions / objectives / scoring,11:09,https://www.youtube.com/watch?v=Z7d5ry0EQWY,no
2026-07-24,BGUK Nemesis Gaming,All set up for game 1 of the @BoltgunTactics GT at #battlegroundgaming tomorrow! Orks vs  Tsons,Battle report; Meta / competitive analysis,,https://www.youtube.com/watch?v=BNSn5nGgr1U,no
2026-07-24,Hubtown Hammer,Space Marine Salamanders Points & Dispositions July 2026 Update Warhammer 40K,Army choice / list building,9:37,https://www.youtube.com/watch?v=RPqkxgORa3g,yes
2026-07-24,MiniWarGaming,Sneaky Bugs versus Shiny Dudes | Tyranids vs Custodes Warhammer 40k Battle Report,Army choice / list building; Battle report,36:01,https://www.youtube.com/watch?v=dy1zEFAKLzk,yes
2026-07-24,Liam Dempsey,Aeldari Vs Drukhari - Warhammer 40k 11th Edition,Battle report,3:06:55,https://www.youtube.com/watch?v=-i6hSd5VD80,yes
2026-07-24,Warp Friends,Faction Focus - Imperial Knights & Chaos Knights - 40k Meta Breakdown - July 24th 2026,Faction / unit guides; Meta / competitive analysis,16:09,https://www.youtube.com/watch?v=00D7WaftDhg,yes
2026-07-24,BA Commander,Vengeful Host (Blood Angels - Take and Hold),Army choice / list building,23:38,https://www.youtube.com/watch?v=WmEtCooFxTc,yes
2026-07-24,Omnii,Learning 11th edition 40k with @legion-w || Warhammer 40k Battle Report,Battle report,,https://www.youtube.com/watch?v=TMkAUbIjvlY,yes
2026-07-24,rootstem gaming,"How to Prepare Plastic, Finecast and Metal Miniatures | Warhammer 40K Tutorial",Core rules / how to play,29:35,https://www.youtube.com/watch?v=xCV3rsFEMEk,no
2026-07-24,EonsOfBattle,Is My Army Better In The First 11th Edition Update?,Deployment / setup / terrain,20:01,https://www.youtube.com/watch?v=jNQ8HHzb8yM,yes
2026-07-24,Proxy Hammer,"Aeldari Exodites Are Looking WILD!!-""Exodite Detachment Synergies and Combos Reviewed!!!""",Faction / unit guides,36:32,https://www.youtube.com/watch?v=BlVZOq-c8-4,no
2026-07-24,Chapter Master Valrak,Finally some Astartes 2 News!,Core rules / how to play,5:39,https://www.youtube.com/watch?v=MjNT2Wswn2Q,no
2026-07-24,Tabletop Nexus,Is this a good Space Marine Start,Core rules / how to play,15:25,https://www.youtube.com/watch?v=jF8PaqFjiik,no
2026-07-24,StrikingScorpion82,Leviathan Tyranids vs Ultramarines Space Marines Warhammer 40K 11th Edition Battle Report 2000pts,Army choice / list building; Missions / objectives / scoring; Battle report,1:58:02,https://www.youtube.com/watch?v=ZgyeugDr3Js,yes
2026-07-23,Auspex Tactics,How Strong are the Aeldari Exodites - Full 40K Datasheets Reviewed,Faction / unit guides,23:36,https://www.youtube.com/watch?v=zU3G72QRTqk,no
2026-07-23,Auspex Tactics,ENORMOUS 40K Rules Update – Every Army’s Balance Changes Reviewed,Core rules / how to play,1:25:36,https://www.youtube.com/watch?v=Z6oPLNIa-3Y,no
2026-07-23,TacticalTortoise 40k,🔴Grey Knights (Enba) vs. Emperor's Children (Simon) | T5S2 S10 Invitational | 40k Batrep,Battle report,,https://www.youtube.com/watch?v=6nNIzhNZ7Qc,no
2026-07-23,Art of War 40k,Biggest Winners and Losers of the July Balance Dataslate for Warhammer 40k,Meta / competitive analysis,,https://www.youtube.com/watch?v=djWIeoJb5YI,no
2026-07-23,Play On Tabletop,The Adeptus Custodes face off against the Thousand Sons - Aiden's final Gauntlet | 40k in 40m.,Deployment / setup / terrain,40:02,https://www.youtube.com/watch?v=mJnsDpd5j9s,yes
2026-07-23,6 Plus Plus Gaming,TTS Fight Night - Death Guard vs Ynnari,Battle report; Meta / competitive analysis,,https://www.youtube.com/watch?v=F093YB0RF2c,yes
2026-07-23,Master Crafted,Turn Zero Tactics (Death Trap Vs Determined Aquisition)- Warhammer 40k - Master Crafted,Deployment / setup / terrain; Battle report,50:38,https://www.youtube.com/watch?v=6Lgr1hUGsgw,yes
2026-07-23,Master Crafted,Mind Over Meta- First Look at 11th Stats,Deployment / setup / terrain; Missions / objectives / scoring; Meta / competitive analysis,,https://www.youtube.com/watch?v=9fuvetVLB3s,yes
2026-07-23,Brother Tobias,Ultramarine reviews - the FIRST 11th Edition BALANCE UPDATE,Meta / competitive analysis,1:03:58,https://www.youtube.com/watch?v=5ZmTCp-6YbY,yes
2026-07-23,Night Geist Gaming,"Aeldari (Eldar) Points Update — 23 Units Cheaper, Two Detachments Paid",Army choice / list building,16:54,https://www.youtube.com/watch?v=99YEv4WyNgc,no
2026-07-23,Mordian Glory,VINDICATION! Meta Data Shows An Alarming Trend in the Top Factions And I Called It!  Warhammer 40K,Meta / competitive analysis,1:33:54,https://www.youtube.com/watch?v=exdXILUjTXM,no
2026-07-23,HivemindHobbies,Are Von Ryan's Leapers busted now? 11th ed rules update reflection,Core rules / how to play; Deployment / setup / terrain,11:04,https://www.youtube.com/watch?v=yqTtYMoSrPA,yes
2026-07-23,40K Dirtbags,Orks vs Tau Battle report Pre nerf battle report | Competitive | Warhammer 40k #40k,Battle report; Meta / competitive analysis,31:04,https://www.youtube.com/watch?v=g8P4HKcusV8,no
2026-07-23,Recon By Fire,Knights Dataslate Review July 2026,Meta / competitive analysis,18:28,https://www.youtube.com/watch?v=5x2U1V3y8kU,no
2026-07-23,The Six Machine,Did GW Make Ravenwing INSANE?! Dark Angels Dataslate Changes! | Warhammer 40K 11th Edition,Army choice / list building; Meta / competitive analysis,30:27,https://www.youtube.com/watch?v=gcoXQ4DvqqQ,yes
2026-07-23,Deploy on the Line 40K,First Dataslate of 11th  - The Rules Updates - Defilers got HIT,Core rules / how to play; Deployment / setup / terrain; Meta / competitive analysis,1:15:47,https://www.youtube.com/watch?v=eZkWeT5kldI,yes
2026-07-23,Deploy on the Line 40K,First Dataslate of 11th  - MFM and Points - DRUKHARI PURGE JAIL IS GONE!,Deployment / setup / terrain; Meta / competitive analysis,1:59:19,https://www.youtube.com/watch?v=EqOu3NmRW2A,yes
2026-07-23,WednesdayNightWarhammer,Thousand Sons vs Tau Empire! : 11th Edition Battle Report,Missions / objectives / scoring; Battle report,,https://www.youtube.com/watch?v=MkeH0tr1o_o,yes
2026-07-23,Secondary Objective,First 11th Edition Tier List... Thousand Sons are D Tier?!?!,Faction / unit guides; Meta / competitive analysis,30:07,https://www.youtube.com/watch?v=K2KHr0gMc68,yes
2026-07-23,BGUK Nemesis Gaming,"New Dataslate Changes Review – Winners, Losers & Army Updates",Core rules / how to play; Army choice / list building; Meta / competitive analysis,38:25,https://www.youtube.com/watch?v=qP59uP4LopA,no
2026-07-23,Liam Dempsey,The FIRST Balance Dataslate of 11th Edition 40k! - The Liam & Joe Show,Meta / competitive analysis,,https://www.youtube.com/watch?v=3t81vVA33U0,yes
2026-07-23,Da Red Wunz Go Fasta!,The rules for Warhammer 40K 11th Edition have been updated! What does that mean? (Plus a SHOCK),Core rules / how to play,19:59,https://www.youtube.com/watch?v=XQ8UZB-EBnI,yes
2026-07-23,Tabletop Gaming Alliance,Warhammer 40K Space Marines auf 1.000 Punkte | Armageddon-Box erweitern,Meta / competitive analysis,13:31,https://www.youtube.com/watch?v=znIn3Kb9d9g,no
2026-07-22,Auspex Tactics,"HUGE Space Marine Rules Updates – Buffs, Nerfs and Rules Changes Reviewed",Core rules / how to play; Meta / competitive analysis,18:13,https://www.youtube.com/watch?v=aEqbqG1cEfc,no
2026-07-22,Auspex Tactics,Ork Boyz BUFFED - Full Codex Datasheet Reviewed! How Scary are the Core Orks Troops?,Faction / unit guides; Meta / competitive analysis,23:30,https://www.youtube.com/watch?v=RBMNnOSoxHs,no
2026-07-22,Auspex Tactics,New Custodes Terminators REVEALED and Balance Update Tomorrow?,Meta / competitive analysis,10:18,https://www.youtube.com/watch?v=JEUI-jwmCKE,no
2026-07-22,TacticalTortoise 40k,🔴Grey Knights (Feather) vs. Chaos Daemons (Ralben) | T5S2 S10 Invitational | 40k Batrep,Battle report,,https://www.youtube.com/watch?v=i7MkaccGXeA,no
2026-07-22,Art of War 40k,The First Major Balance Dataslate for 11th Edition Warahmmer 40k,Meta / competitive analysis,,https://www.youtube.com/watch?v=1Mxi6FF8N5Q,yes
2026-07-22,Art of War 40k,The Warhammer 40k Meta Recap July 17th-19th,Meta / competitive analysis,,https://www.youtube.com/watch?v=-nVVwmEcaL8,no
2026-07-22,Vanguard Tactics,Blood Angels Vs Genestealer Cults 11th Edition Warhammer 40K Battle Report,Battle report,2:59:11,https://www.youtube.com/watch?v=KJV-bKQuWnI,yes
2026-07-22,Vanguard Tactics,The FIRST Warhammer 40K 11th Edition Balance Update is HERE!,Core rules / how to play; Army choice / list building; Meta / competitive analysis,,https://www.youtube.com/watch?v=xAAb5tPUyKs,yes
2026-07-22,The Tabletop Alliance 40K,The First Balance Dataslate of 11th Edition Is Here!,Battle report; Meta / competitive analysis,,https://www.youtube.com/watch?v=kgADq2-p8Hk,yes
2026-07-22,Play On Tabletop,"Space Marines vs Orks! Warhammer 40,000 Beginner Friendly Starter Set Game",Core rules / how to play; Battle report,56:30,https://www.youtube.com/watch?v=31PnPtuT_xs,no
2026-07-22,Paul is bad at stuff,There should be a dataslate today and I'll talk about it​,Meta / competitive analysis,,https://www.youtube.com/watch?v=rudCnBkEAXs,yes
2026-07-22,Brother Tobias,Warhammer 40.000 - Ultramarines DETACHMENT Tier List,Faction / unit guides; Meta / competitive analysis,,https://www.youtube.com/watch?v=UD-N0CuFVho,no
2026-07-22,Into the Hive Mind,July Balance Update is here! (Tyranids get a stealth buff),Meta / competitive analysis,24:25,https://www.youtube.com/watch?v=WAa9tb94Sec,yes
2026-07-22,HivemindHobbies,"Tyranid army list review show episode 17, 11th edition lists!",Army choice / list building,,https://www.youtube.com/watch?v=EhPJ0V1gBTg,yes
2026-07-22,40k Vtuber: Christian Von Carmian,Has Games Workshop Fixed the Broken Genestealer Cults? July Patch Warhammer 40K 11th ed,Core rules / how to play,20:20,https://www.youtube.com/watch?v=gH__TtBJoS4,yes
2026-07-22,Recon By Fire,How to play Recon vs Recon Disposition Breakdown #warhammer40k #chaosknights,Core rules / how to play; Missions / objectives / scoring; Battle report,36:16,https://www.youtube.com/watch?v=wIfTq0Vt6T0,no
2026-07-22,Factions&Fate,Teaching My Wife How to Play Warhammer 40K 11th Edition Ep. 1,Core rules / how to play; Deployment / setup / terrain,49:22,https://www.youtube.com/watch?v=sNih7DtFl7Y,yes
2026-07-22,Exalted40k,BALANCE UPDATE - Huge Buffs for World Eaters,Meta / competitive analysis,35:48,https://www.youtube.com/watch?v=rU_2NiLiXLI,no
2026-07-22,FirstTurnTactics,Firing Deck Hazardous more hazardous! Weird Warhammer 40k 11th Rules Reveals and how to use them,Core rules / how to play,,https://www.youtube.com/watch?v=8sEOE222Ftc,yes
2026-07-22,Boltgun Tactics,Blood angels vs word bearers #spacemarines #warhammer40k #warhammercommunity #gamesworkshop,Battle report,,https://www.youtube.com/watch?v=ErGcJYKDo5c,no
2026-07-22,Secondary Objective,Warhammer 40k 11th Editions First Balance Update - Defilers are dead!,Meta / competitive analysis,1:00:09,https://www.youtube.com/watch?v=7htS9_n0zQM,yes
2026-07-22,Secondary Objective,"Warhammer 40K Meta - Tired of the Same Armies, Let's Fix It!",Meta / competitive analysis,,https://www.youtube.com/watch?v=gzZf6auyeXk,no
2026-07-22,Planet 40K,The July Dataslate Is Bad News for Necrons...,Army choice / list building; Meta / competitive analysis,14:42,https://www.youtube.com/watch?v=VnG6JKYIhng,no
2026-07-22,BGUK Nemesis Gaming,Predictions for first 11th Edition Dataslate,Meta / competitive analysis,3:39,https://www.youtube.com/watch?v=8dhVs0L65O8,yes
2026-07-22,BGUK Nemesis Gaming,Dataslate Preview,Army choice / list building; Meta / competitive analysis,,https://www.youtube.com/watch?v=iraKOg7PvC8,no
2026-07-22,Hubtown Hammer,Adeptus Custodes Points & Dispositions July 2026 Update 11th Edition Warhammer 40K,Army choice / list building; Meta / competitive analysis,7:14,https://www.youtube.com/watch?v=V0q4FN7p0bY,yes
2026-07-22,Tabletop Titans,Custodes vs Orks Kult of Speed! - A Live Warhammer 40k Battle Report,Battle report,,https://www.youtube.com/watch?v=EAqaLgAudQo,no
2026-07-22,MiniWarGaming,120 Poxwalkers | Death Guard vs Imperial Knights Warhammer 40K 11th Edition Battle Report,Army choice / list building; Battle report,1:39:50,https://www.youtube.com/watch?v=PRU6IPqeCzM,yes
2026-07-22,Warp Friends,11th Edition Meta Stats Week of July 20th 2026 - Warhammer 40k Tournament Review - Tacoma Open Lists,Meta / competitive analysis,22:28,https://www.youtube.com/watch?v=CfULzRzHiqU,yes
2026-07-22,BA Commander,Blood Angels vs Death Guard! (Battle Report),Battle report; Meta / competitive analysis,,https://www.youtube.com/watch?v=Ile2AJzNzMs,no
2026-07-22,Hellstorm Wargaming,"🔴#New40k – JULY BALANCE PATCH IS HERE - Points, Nerfs, and updates",Meta / competitive analysis,,https://www.youtube.com/watch?v=bVmYnYutQHM,no
2026-07-22,Tactical Sugar,NEW Dataslate and WORLD EATERS are STRONG!,Core rules / how to play; Missions / objectives / scoring; Meta / competitive analysis,19:39,https://www.youtube.com/watch?v=uizU0NPlR14,no
2026-07-22,Zeeto,Death Guard Vs Plague Legion Daemons 11th Edition - Live TTS Battle - Contagion Unleashed,Phase tactics; Battle report; Meta / competitive analysis,,https://www.youtube.com/watch?v=mQwGeUys8U8,yes
2026-07-22,Proxy Hammer,"The Aeldari Dataslate Buffs Are AWESOME!!!-""Warhost Playable, Seer Council Fixed, and Much More!!""",Meta / competitive analysis,47:12,https://www.youtube.com/watch?v=0oZ4hCKJG5w,no
2026-07-21,Auspex Tactics,What's WINNING and LOSING in Warhammer 40K 11th Edition Right Now? Faction Perfomance + Win Rates!,Meta / competitive analysis,15:11,https://www.youtube.com/watch?v=CqwNnn-i00U,yes
2026-07-21,Auspex Tactics,The First 40K Balance Dataslate of 11th Edition - What Needs to Happen? Predictions + Speculation!,Meta / competitive analysis,27:38,https://www.youtube.com/watch?v=SOhSumDDpQ4,yes
2026-07-21,Vanguard Tactics,Ranking EVERY Imperial Knights Unit in 11th Edition Warhammer 40k,Faction / unit guides; Meta / competitive analysis,46:07,https://www.youtube.com/watch?v=65sqDsgEAbI,yes
2026-07-21,Announcer of Games,How To Play 40K 11th Edition!,Core rules / how to play,20:05,https://www.youtube.com/watch?v=5H4VXO1QPVg,yes
2026-07-21,Announcer of Games,People vs Chosen Ignorance #warhammer40k #gaming #halo #announcerofgames,Battle report,,https://www.youtube.com/watch?v=t4TmSPyUxfc,no
2026-07-21,Play On Tabletop,"Big Guns, Bigger Bugs! Astra Militarum vs Tyranids - Purge Vs Take and Hold | 40k in 40m Battle",Core rules / how to play; Deployment / setup / terrain; Battle report,51:51,https://www.youtube.com/watch?v=LfmWqA_35aA,yes
2026-07-21,Brother Tobias,Reclaiming the 500 Worlds! - UNDEFEATED RTT tournament report - Warhammer 40.000,Army choice / list building; Deployment / setup / terrain; Missions / objectives / scoring; Meta / competitive analysis,17:53,https://www.youtube.com/watch?v=09L0SJ_l8qE,no
2026-07-21,Night Geist Gaming,Disruption: The Matchup Guide | 40K 11th Edition,Missions / objectives / scoring; Battle report,41:28,https://www.youtube.com/watch?v=7AVuWyX5d7c,yes
2026-07-21,Mordian Glory,Mech Guard is GOOD!? Imperial Guard Vs Thousand Sons | After Action Report | Warhammer 40K,Battle report,51:59,https://www.youtube.com/watch?v=lp4j3iYlpQ4,no
2026-07-21,Mordian Glory,Bullgryns & Baneblades! Imperial Guard Vs Necrons - 2000pts | Warhammer 40K 11th Edition,Army choice / list building; Battle report,1:58:49,https://www.youtube.com/watch?v=UQLQWgSxcNo,yes
2026-07-21,40K Dirtbags,Bad dice don’t help bad decisions.,Missions / objectives / scoring,2:15,https://www.youtube.com/watch?v=AsRdUixKqNs,no
2026-07-21,40K Dirtbags,Chaos Daemons vs Orks - 11th edition battle report! | Competitive | Warhammer 40k #40k,Battle report; Meta / competitive analysis,42:05,https://www.youtube.com/watch?v=ECn3rmRZ10Q,yes
2026-07-21,Armstrong Hobbies,What army should you start beginners guide,Core rules / how to play; Army choice / list building,16:55,https://www.youtube.com/watch?v=n3pHR-MIY5M,no
2026-07-21,The Six Machine,NEW ORK BOYZ! Massively Buffed Codex Datasheet Reviewed! | Warhammer 40K 11th Edition,Faction / unit guides; Meta / competitive analysis,14:39,https://www.youtube.com/watch?v=BqhbY4G7S7c,yes
2026-07-21,Deploy on the Line 40K,Transports 101: How To Best Utilize Your Boats In 11th Edition,Core rules / how to play; Deployment / setup / terrain,1:00:30,https://www.youtube.com/watch?v=xotCj_4FG9w,yes
2026-07-21,PNW 40K,Tournament Meta Exposed | Warhammer Open Tacoma Recap,Meta / competitive analysis,42:08,https://www.youtube.com/watch?v=jHTZNstKd6U,no
2026-07-21,Grimdark Breakdown,"Aeldari 11th Edition: The Best Units, List & Strategies Right Now",Faction / unit guides,16:20,https://www.youtube.com/watch?v=s6KfvVeI_9Q,yes
2026-07-21,Grimdark Breakdown,11th Edition Dataslate Predictions: Every Army Buff & Nerf | Meta Monday #35,Meta / competitive analysis,1:16:33,https://www.youtube.com/watch?v=rhcE9QdN7UY,yes
2026-07-21,Grimdark Breakdown,The Lion IS BACK! 🦁 Dark Angels 11th Edition Tournament List Guide | Warhammer 40K,Meta / competitive analysis,29:25,https://www.youtube.com/watch?v=4jl-Lj4k2nM,yes
2026-07-21,Grimdark Breakdown,Take & Hold is the BEST Disposition in Warhammer 40K 11th Edition #11thedition #warhammer40k,Battle report,13:37,https://www.youtube.com/watch?v=pBRYJSOp0Fs,yes
2026-07-21,Grimdark Breakdown,"T'au Empire 11th Edition: The Best Units, Lists & Strategies Right Now #11thedition #warhammer40k",Faction / unit guides,23:26,https://www.youtube.com/watch?v=xzuSPVeEdiU,yes
2026-07-21,Guerrilla Miniature Games,Grimdark Future: Escalation Campaign - Human Defence Force vs. Eternal Dynasty - Part Nine,Battle report,53:26,https://www.youtube.com/watch?v=KlHKNxB42jc,no
2026-07-21,Secondary Objective,Top 3 Tips I learnt from playing in Scotlands Biggest 11th Edition 40k Tournament,Meta / competitive analysis,1:19,https://www.youtube.com/watch?v=n_dxYRUpJHo,yes
2026-07-21,Secondary Objective,Secondary Objective - Competitive 40k for the average player!,Missions / objectives / scoring; Meta / competitive analysis,1:11,https://www.youtube.com/watch?v=-88ZfTqOBqA,no
2026-07-21,Planet 40K,Are Necron Tomb Blades Better Than Ever?,Army choice / list building; Meta / competitive analysis,21:39,https://www.youtube.com/watch?v=Q8cjDa9mC8g,yes
2026-07-21,BGUK Nemesis Gaming,How to Build  a List in 11th Edition!,Army choice / list building,10:50,https://www.youtube.com/watch?v=_dPT59reJuo,yes
2026-07-21,Hubtown Hammer,Adeptus Custodes Shield Host in 11th Edition Warhammer 40K,Core rules / how to play; Meta / competitive analysis,36:14,https://www.youtube.com/watch?v=dYdpwCkRYyU,yes
2026-07-21,Alex,more beginner friendly Warhammer content coming soon #warhammer #warhammer40k,Core rules / how to play,,https://www.youtube.com/watch?v=fYc9Lpt4ikw,no
2026-07-21,Tabletop Titans,What I Learned at My First 11th Edition GT - The Tacoma Open,Meta / competitive analysis,,https://www.youtube.com/watch?v=lxN9-6amlrE,yes
2026-07-21,Liam Dempsey,Imperial Fists Vs Orks - Warhammer 40k 11th Edition,Battle report,,https://www.youtube.com/watch?v=eSr3Sokgnik,yes
2026-07-21,Proxy Hammer,"The Aeldari Warlock Conclave Is Our Last Hope!!-""Psychic Annihilation It Is!!!""",Phase tactics,23:40,https://www.youtube.com/watch?v=gqYuv3n5pOE,no
2026-07-20,Art of War 40k,We Went to America’s Warhammer 40K Team Championships,Battle report,11:10,https://www.youtube.com/watch?v=i1OPFGaw2eQ,no
2026-07-20,Vanguard Tactics,Imperial Knights in 11th Edition: The Competitive Breakdown,Meta / competitive analysis,34:12,https://www.youtube.com/watch?v=u5jRFwzUngM,yes
2026-07-20,The Tabletop Alliance 40K,Can We Actually Become Competitive at Warhammer 40K?,Missions / objectives / scoring; Meta / competitive analysis,19:00,https://www.youtube.com/watch?v=b6GQbFXqFXM,no
2026-07-20,"Warhammer 40,000 and Warhammer",Ork Boyz Unit Sizes | The Big Summer Warhammer Preview Q&A,Faction / unit guides,,https://www.youtube.com/watch?v=FFemq-fV-oY,no
2026-07-20,Master Crafted,Turn Zero Tactics (Battlefield Dominance)- Warhammer 40k - Master Crafted,Deployment / setup / terrain; Battle report,49:44,https://www.youtube.com/watch?v=0VWU8x3DepM,yes
2026-07-20,Warpbane Tactics,Choose the RIGHT Disposition for Grey Knights,Meta / competitive analysis,23:43,https://www.youtube.com/watch?v=ogMKXBVh4g0,yes
2026-07-20,Recon By Fire,Grey Knights vs Space Wolves #warhammer40k #battlereport,Missions / objectives / scoring; Battle report,14:40,https://www.youtube.com/watch?v=BUhIYYHPObo,no
2026-07-20,40K Fireside,11th Edition Thousand Sons Tournament Report | Sekhetar Robots OP?,Battle report; Meta / competitive analysis,48:31,https://www.youtube.com/watch?v=3BrAX3t3qUE,yes
2026-07-20,WednesdayNightWarhammer,Tyranids vs World Eaters! : 11th edition battle report,Missions / objectives / scoring; Battle report,,https://www.youtube.com/watch?v=zVx7smZIRf0,yes
2026-07-20,Mid Table Tactics,11TH EDITION! White Scars vs Chaos Space Marines | 40k Battle Report,Army choice / list building; Battle report,,https://www.youtube.com/watch?v=XhxAX_4CPJY,yes
2026-07-20,BA Commander,Blood Angels Army List Show (Episode 245),Army choice / list building,,https://www.youtube.com/watch?v=n7WHYSkUVMU,no
2026-07-20,Tabletop Battles,Ruleshammer: The Charge Phase in Warhammer 40K,Phase tactics,4:20,https://www.youtube.com/watch?v=dfnMccbRtKo,yes
2026-07-20,Geeks Guild,DND player talks combat to 40K player part 1 #40k  #dnd #tabletopgames  #geek,Battle report,,https://www.youtube.com/watch?v=tP8jvuwe2Cs,no
2026-07-20,Astrategas Wargames,⭐️INFORME WARHAMMER 40K⭐️ Drukhari VS Grey Knights - Undécima edición,Battle report,1:21:00,https://www.youtube.com/watch?v=uyiNpL6biZw,no
2026-07-20,Astrategas Wargames,METAFORGE: Death Guard | Análisis de las MEJORES Listas Competitivas | Warhammer 40.000,Meta / competitive analysis,54:12,https://www.youtube.com/watch?v=YeCfJ8r7cbk,no
2026-07-20,Warhammer,"Warhammer 40,000 Grand Tournament - Tacoma - Grand Final - Orks vs. Orks",Battle report; Meta / competitive analysis,,https://www.youtube.com/watch?v=a8MSOxW9cpg,no
2026-07-20,EonsOfBattle,The Rarest Warhammer I Own!,Deployment / setup / terrain,21:07,https://www.youtube.com/watch?v=_diC1dP55sA,no
2026-07-20,Chapter Master Valrak,HENRY CAVILL SHOWS OFF HIS CUSTODES COOKER #40k  #warhammer #henrycavill #gaming  #warhammer40k,Core rules / how to play,,https://www.youtube.com/watch?v=SOEJIypzwOo,no
2026-07-19,Highstakes 40K,How Green Tide is Taking Over The Meta,Meta / competitive analysis,21:19,https://www.youtube.com/watch?v=o8TItGLRiqg,no
2026-07-19,The Six Machine,NEW Orks Equatorial Hordes Detachment REVEALED! | Warhammer 40K 11th Edition,Meta / competitive analysis,10:30,https://www.youtube.com/watch?v=h9r3mVWGC_Y,yes
2026-07-19,Factions&Fate,Genestealer Cults vs Death Guard,Battle report,1:24:44,https://www.youtube.com/watch?v=-nyJGCyk7mQ,no
2026-07-19,FirstTurnTactics,Deny Forbidden Monstrous Moves! Weird Warhammer 40k 11th rules and how to use them,Phase tactics,,https://www.youtube.com/watch?v=zo5WT2DcXtE,yes
2026-07-19,Hubtown Hammer,Battle Report Salamanders vs Necrons Recap 11th Edition Warhammer 40K,Deployment / setup / terrain; Battle report,25:31,https://www.youtube.com/watch?v=IftvtJWyUFg,yes
2026-07-19,Tactical Sugar,How to Build the Perfect Game Plan in Warhammer 40K,Army choice / list building; Deployment / setup / terrain,13:25,https://www.youtube.com/watch?v=6UmmRg50E8w,no
2026-07-19,Tactical Sugar,Warhammer 40k  Lethals vs Sustained Hits   Damage Strategy,Battle report,,https://www.youtube.com/watch?v=MZQkn8EMEJY,no
2026-07-19,Tactical Sugar,Warhammer 40K  Deep Strike Charge Strategy for Terminators,Deployment / setup / terrain,,https://www.youtube.com/watch?v=rRFWl9cmhGk,no
2026-07-19,Baldur Wargaming,Flawless vs Evolved: Emperor's Children vs Norn Tyranids | 11th Ed 40k,Battle report,1:32:23,https://www.youtube.com/watch?v=dV5nMUS0DBU,yes
2026-07-19,Baldur Wargaming,Fulgrim vs Norns - Emperors Children vs Tyranids - new #warhammer40k #11thedition40k #battlereport,Battle report,,https://www.youtube.com/watch?v=PoJZcqql6go,yes
2026-07-19,Warhammer,"Warhammer 40,000 Grand Tournament - Tacoma - Semi-Final - Emperor's Children vs. Orks",Battle report; Meta / competitive analysis,,https://www.youtube.com/watch?v=o6RiGv7rl8Q,no
2026-07-19,Warhammer,"Warhammer 40,000 Grand Tournament - Tacoma - Round 6 - Genestealer Cults vs. Grey Knights",Battle report; Meta / competitive analysis,,https://www.youtube.com/watch?v=TP3BLpvPiJ4,no
2026-07-19,Warhammer,"Warhammer 40,000 Grand Tournament - Tacoma - Round 4 & 5",Battle report; Meta / competitive analysis,,https://www.youtube.com/watch?v=0B0biIF6_cw,no
2026-07-19,WarGames Live,O-Con-Quest Warhammer 40k 11th Edition Tournament Day 2,Meta / competitive analysis,6:57:13,https://www.youtube.com/watch?v=cEjGjaFujsg,yes
2026-07-19,WarGames Live,O-Con-Quest Warhammer 40k 11th Edition Tournament Day 1,Meta / competitive analysis,10:16:51,https://www.youtube.com/watch?v=TjD9z6lL8gU,yes
2026-07-18,Tabletop Tactics,Deathwatch vs Genestealer Cults | Warhammer 40k Battle Report,Battle report; Meta / competitive analysis,1:17:30,https://www.youtube.com/watch?v=ZM9-BN6oJiE,no
2026-07-18,The Tabletop Alliance 40K,ORKS VS NECRONS! - 11th Edition Battle Report! - Warhammer 40k,Battle report,,https://www.youtube.com/watch?v=WzvFlk6FJTo,yes
2026-07-18,Chaos Coterie,GOTTA GO FAST - Emperor's Children Mercurial Host Detachment Focus,Army choice / list building,33:57,https://www.youtube.com/watch?v=S6z6mckq6xE,no
2026-07-18,Armstrong Hobbies,How Much Does a Warhammer 40k Army Actually Cost Beginner (Break Down),Core rules / how to play,12:44,https://www.youtube.com/watch?v=dKQgnmEOX6A,no
2026-07-18,40k Vtuber: Christian Von Carmian,Battle Sisters vs Dominions. Which is Best in 11th ed Warhammer 40K?,Battle report; Meta / competitive analysis,33:49,https://www.youtube.com/watch?v=oa0KUanz8GU,yes
2026-07-18,Tabletop Titans,Tyranids vs Adepta Sororitas - Competitive Warhammer 40K Battle Report - Titan Duels,Battle report; Meta / competitive analysis,1:01:16,https://www.youtube.com/watch?v=iXfBChUDy4c,no
2026-07-18,Warhammer,"Warhammer 40,000 Grand Tournament - Tacoma - Round 3 - Black Templars vs. Emperor's Children",Battle report; Meta / competitive analysis,,https://www.youtube.com/watch?v=Ne0n7544DlI,no
2026-07-18,Proxy Hammer,"Guardian Battlehost Wins Golden Ticket Event at Storm Bolter 40k RTT!-""Interview with Hayden Jones!""",Meta / competitive analysis,52:39,https://www.youtube.com/watch?v=nDl_qs73EZI,no
2026-07-17,The Glacial Geek,My First 11th Edition Warhammer 40K Tournament!,Meta / competitive analysis,21:11,https://www.youtube.com/watch?v=AN2lILZdlUQ,yes
2026-07-17,Exalted40k,NEW LIST - Butchers of Khorne + Vessels of Wrath + Brazen Engines,Meta / competitive analysis,9:13,https://www.youtube.com/watch?v=SIXmd9LwQlk,yes
2026-07-17,Deploy on the Line 40K,How To Beat EVERY Disposition With Recon - Recon Vs Recon,Deployment / setup / terrain; Missions / objectives / scoring; Battle report,41:13,https://www.youtube.com/watch?v=Xi2Bb7UczHU,no
2026-07-17,40K Fireside,Warhammer 40k: What Needs an Update,Deployment / setup / terrain; Missions / objectives / scoring; Meta / competitive analysis,42:01,https://www.youtube.com/watch?v=96o05Xyt1qc,yes
2026-07-17,SkaredCast,Hold the Gate IK  ; Priority ; vs Drukhari RSR ; Priority ; Warhammer 40k Battle Report |Skaredcast,Missions / objectives / scoring; Battle report; Meta / competitive analysis,43:49,https://www.youtube.com/watch?v=_iFcyZqYbOA,no
2026-07-17,FirstTurnTactics,Objective Consolidating FAQ'd? Weird Warhammer 40k 11th Rules Reveals and how to use them,Core rules / how to play; Missions / objectives / scoring; Phase tactics; Meta / competitive analysis,,https://www.youtube.com/watch?v=4atAZ0ZT6m4,yes
2026-07-17,Planet 40K,3 Ways to Build Your Necrons Around Necron Warriors!,Missions / objectives / scoring,10:19,https://www.youtube.com/watch?v=516L48434sI,yes
2026-07-17,vf.miniatures,Top 5 Space Marine Units You Can Fit Into Almost Any 11th Edition List | Warhammer 40K Tactics,Faction / unit guides,22:54,https://www.youtube.com/watch?v=ccV12fUsELY,yes
2026-07-17,Hubtown Hammer,Salamanders Forgefather's & Librarius List Warhammer 40K 11th Edition,Meta / competitive analysis,29:43,https://www.youtube.com/watch?v=EvUV4G6k2Rk,yes
2026-07-17,Alex,DON'T Buy A WARHAMMER Starter Set Until You Watch This,Core rules / how to play,19:51,https://www.youtube.com/watch?v=8VZBezgB2JY,no
2026-07-17,Two and a Half Wargamers,"Thousand Sons vs ALL Tanks! / Warhammer 40,000 11th Edition Battle Report",Battle report,1:14:56,https://www.youtube.com/watch?v=5DtS_FLKjkM,yes
2026-07-17,MiniWarGaming,All Will Bow | Necrons vs Space Wolves Warhammer 40k 11th Edition Battle Report,Deployment / setup / terrain; Battle report,1:37:23,https://www.youtube.com/watch?v=Unf4ihErEik,yes
2026-07-17,Warp Friends,Faction Focus - Tyranids & T'au - Meta Breakdown - July 17th 2026,Faction / unit guides; Meta / competitive analysis,12:18,https://www.youtube.com/watch?v=mmnKgfd0iiw,yes
2026-07-17,BA Commander,"Rage Cursed Onslaught - Lists, Tactics and Strategies for 11th Edition. (Blood Angels)",Army choice / list building; Faction / unit guides; Meta / competitive analysis,21:36,https://www.youtube.com/watch?v=lJVqw81j_Ao,yes
2026-07-17,Hellstorm Wargaming,🔴Playing 11th Edition! | Leagues of Votann vs Adeptus Custodes - Live #new40k Battle Report,Deployment / setup / terrain; Missions / objectives / scoring; Battle report,,https://www.youtube.com/watch?v=rk9Hnql_6is,yes
2026-07-17,Zeeto,Edinburgh UKTC 2026 - Death Guard List Analysis,Meta / competitive analysis,22:36,https://www.youtube.com/watch?v=nQhXJENCltk,yes
2026-07-17,rootstem gaming,"Agents of the Imperium v Chaos Space Marines, Special 11th Ed battle report - 500pts",Army choice / list building; Battle report,44:53,https://www.youtube.com/watch?v=cF8xTmRkNfc,yes
2026-07-17,Tabletop Nexus,New to Orks? Here's What You Actually Need,Core rules / how to play; Missions / objectives / scoring,15:50,https://www.youtube.com/watch?v=WCVlZXzIQBg,yes
2026-07-17,StrikingScorpion82,THIS IS HOW We May Set Up Our Tables for 11th Edition Warhammer 40K | Holding the Narrative Line,Deployment / setup / terrain; Meta / competitive analysis,23:11,https://www.youtube.com/watch?v=t4QcPm-s_0I,yes
2026-07-17,StrikingScorpion82,CYBERPUNK 11th Edition Table Warhammer Worlds Terrain Tutorial,Core rules / how to play; Deployment / setup / terrain,7:42,https://www.youtube.com/watch?v=Vn98UWvzec4,yes
2026-07-16,Art of War 40k,"Orks Are Dominating the Warhammer 40,000 Competitive Meta",Meta / competitive analysis,,https://www.youtube.com/watch?v=64kSunfYvkg,yes
2026-07-16,Odyssey40k,How To Deploy - Warhammer 40K 11th Edition,Deployment / setup / terrain,27:08,https://www.youtube.com/watch?v=Whx_3MEXNR0,yes
2026-07-16,"Warhammer 40,000 and Warhammer",Codex Collectors Editions? | The Big Summer Warhammer Preview Q&A,Faction / unit guides,,https://www.youtube.com/watch?v=0tDEQnJdkPQ,no
2026-07-16,Master Crafted,Mind Over Meta- First Look at 11th Stats,Deployment / setup / terrain; Missions / objectives / scoring; Meta / competitive analysis,,https://www.youtube.com/watch?v=9EQq6Jx1ZvQ,yes
2026-07-16,Recon By Fire,Chaos Knights vs Space wolves #warhammer40k #battlereport,Missions / objectives / scoring; Battle report; Meta / competitive analysis,24:40,https://www.youtube.com/watch?v=hCuMEU_XYSw,no
2026-07-16,Exalted40k,NEW LIST - Goretrack Onslaught + Vessels of Wrath - One List for Every Detachment Combo,Army choice / list building; Meta / competitive analysis,14:37,https://www.youtube.com/watch?v=g9NdCtr1fqs,yes
2026-07-16,WednesdayNightWarhammer,Tyranids vs Chaos Knights! : 11th edition battle report,Missions / objectives / scoring; Battle report,,https://www.youtube.com/watch?v=Pl_yhXaREjY,yes
2026-07-16,Omnii,(TAKE 2) Admech Aquisitous Rad Zone vs Daemons Shadow Legion with @hormaaa1   || Warhammer 40k,Battle report,,https://www.youtube.com/watch?v=wcON6EKuo2A,no
2026-07-15,Odyssey40k,Are You Ready for an 11th Edition GT? The Complete Checklist - Skill Issue 43,Meta / competitive analysis,1:01:09,https://www.youtube.com/watch?v=xx5AtkYKgFk,yes
2026-07-15,"Warhammer 40,000 and Warhammer",New Codex Size Comparison | The Big Summer Warhammer Preview Q&A,Faction / unit guides,,https://www.youtube.com/watch?v=RMpsoDhb3yU,no
2026-07-15,HivemindHobbies,"Tyranid army list review show episode 16, 11th edition lists!",Army choice / list building,,https://www.youtube.com/watch?v=OImF4fVDRO8,yes
2026-07-15,Recon By Fire,Space Wolves vs Thousand Sons #warhammer40k #battlereports,Battle report,15:32,https://www.youtube.com/watch?v=WbFIODqabIU,no
2026-07-15,Exalted40k,NEW LIST - Goretrack Onslaught + Butchers of Khorne - One List for Every Detachment Combo,Army choice / list building; Meta / competitive analysis,8:22,https://www.youtube.com/watch?v=0D_z2dtEC1M,yes
2026-07-15,FirstTurnTactics,Towering Units Get Plunging fire! Weird Warhammer 40 11th Rules Reveals and how to use them,Deployment / setup / terrain,,https://www.youtube.com/watch?v=tr_6gp-BuOw,yes
2026-07-15,Hubtown Hammer,Adeptus Custodes Favourite Stratagems 11th Edition Warhammer 40K,Meta / competitive analysis,16:24,https://www.youtube.com/watch?v=RNsuq8U6yIc,yes
2026-07-15,Tabletop Titans,Chaos Space Marines vs World Eaters - 11th Edition Warhammer 40k Battle Report LIVE,Battle report,,https://www.youtube.com/watch?v=dJ5qYS-LWS8,yes
2026-07-15,MiniWarGaming,FIRST GAME OF 11th | Orkz vs Black Templar Warhammer 40k 11th Edition Battle Report,Deployment / setup / terrain; Missions / objectives / scoring; Battle report,1:45:38,https://www.youtube.com/watch?v=N1bvvsAO0-o,yes
2026-07-15,Warp Friends,11th Edition Meta Stats Week of July 13th 2026 - Warhammer 40k Tournament Review,Meta / competitive analysis,26:52,https://www.youtube.com/watch?v=-SBo_UN7qRU,yes
2026-07-15,EonsOfBattle,Rescuing Rare Metal Rogue Trader Tyranids! Zoats!,Deployment / setup / terrain,12:38,https://www.youtube.com/watch?v=6YleB6__nrw,no
2026-07-14,Art of War 40k,Astra Militarum Just Won an 11th Edition GT,Meta / competitive analysis,3:26,https://www.youtube.com/watch?v=GAfz3wSv4QE,yes
2026-07-14,Art of War 40k,Every Warhammer 40k Army Ranked for 11th Edition,Meta / competitive analysis,1:39:14,https://www.youtube.com/watch?v=_4_GgpLOyXU,yes
2026-07-14,Vanguard Tactics,Black Templars Vs T'au Empire 11th Edition Warhammer 40K Battle Report,Battle report,,https://www.youtube.com/watch?v=qahZnQPN8a8,yes
2026-07-14,Happy Krumping,The Tacoma FAQ Will Change Competitive 40K,Meta / competitive analysis,27:30,https://www.youtube.com/watch?v=cmpJwdmBjaM,no
2026-07-14,Poorhammer,A Noob's Guide to Collecting Space Marines,Army choice / list building,35:26,https://www.youtube.com/watch?v=d0cOA6-HyMU,no
2026-07-14,Highstakes 40K,How to Win Difficult Matchups in Warhammer 40K,Battle report,14:51,https://www.youtube.com/watch?v=pAs3FovlXms,no
2026-07-14,Night Geist Gaming,Purge the Foe: The Matchup Guide | 40K 11th Edition,Missions / objectives / scoring; Battle report,34:48,https://www.youtube.com/watch?v=N9I8Z9fEvkA,yes
2026-07-14,Into the Hive Mind,Tyranids vs. Emperor's Children (Priority vs Disruption) 11th Edition tournament battle report!,Battle report; Meta / competitive analysis,1:16:24,https://www.youtube.com/watch?v=rQ3adU1u5us,yes
2026-07-14,40K Dirtbags,Grey Knights vs Orks - 11th Edition Battle Report | Competitive | Warhammer 40k #40k,Battle report; Meta / competitive analysis,46:21,https://www.youtube.com/watch?v=b7HfgsaUY10,yes
2026-07-14,40K Dirtbags,40k Dirtbags episode #13 podcast- Who are the Dirtbags? | Competitive | Warhammer 40k #40k,Meta / competitive analysis,31:23,https://www.youtube.com/watch?v=rYumRGst6PI,no
2026-07-14,Armstrong Hobbies,The BEST Model in Every 40k Army,Core rules / how to play,18:21,https://www.youtube.com/watch?v=GD1UKYcT50I,no
2026-07-14,40k Vtuber: Christian Von Carmian,Games Workshop’s (Unofficial) Rules update for Warhammer 40K 11th edition,Core rules / how to play,30:16,https://www.youtube.com/watch?v=HSWhA7p9k7U,yes
2026-07-14,Recon By Fire,Space Wolves vs Imperial Knights #warhammer40k #battlereport,Missions / objectives / scoring; Battle report,2:41:04,https://www.youtube.com/watch?v=EOJixsctzEk,no
2026-07-14,Exalted40k,NEW LIST - Cult of Blood + Vessels of Wrath - One List for Every Detachment Combo,Army choice / list building; Meta / competitive analysis,8:46,https://www.youtube.com/watch?v=xEHfkGwQma8,yes
2026-07-14,SkaredCast,Pinnacle 11th Edition Recon - The Drukhari Tournament Review | Skaredcast,Meta / competitive analysis,14:34,https://www.youtube.com/watch?v=UTjqFqaovt4,yes
2026-07-14,PNW 40K,Librarius Conclave Takes on the Awakened Dynasty - Warhammer 40k Battle Report,Battle report; Meta / competitive analysis,24:41,https://www.youtube.com/watch?v=bBpJTkMbd88,no
2026-07-14,Grimdark Breakdown,Penitent Host Guide | The New Melee Sisters Meta (11th Edition Adepta Sororitas) #sistersofbattle,Meta / competitive analysis,31:15,https://www.youtube.com/watch?v=k8gWwbSDkQ0,yes
2026-07-14,Grimdark Breakdown,Meta Monday #34: The Green Tide Is Rolling! Orks Dominate the 11th Edition Meta,Meta / competitive analysis,1:16:06,https://www.youtube.com/watch?v=dtT9r6b8YbI,yes
2026-07-14,Grimdark Breakdown,"Blood Angels 11th Edition: The Best Units, Lists & Strategies Right Now #11thedition #warhammer40k",Faction / unit guides,16:16,https://www.youtube.com/watch?v=R3sOZWpBE38,yes
2026-07-14,Grimdark Breakdown,Orks 11th Edition: The Best Units to Buy & Play Right Now #orks #orks40k #11thedition #warhammer40k,Faction / unit guides,37:18,https://www.youtube.com/watch?v=Tz2vmHFMbic,yes
2026-07-14,Grimdark Breakdown,Death Guard 11th Edition: The Best Units to Buy & Play Right Now #11thedition #deathguard,Faction / unit guides,28:16,https://www.youtube.com/watch?v=ou3yG1s8q58,yes
2026-07-14,Grimdark Breakdown,Black Templars 11th Edition: The Best Units to Buy & Play Right Now #blacktemplars #11thedition,Faction / unit guides,23:48,https://www.youtube.com/watch?v=g-t-gkoKDGQ,yes
2026-07-14,Grimdark Breakdown,11th Edition Data Slate Prediction Tier List | Before the First Balance Update #11thedition,Faction / unit guides; Meta / competitive analysis,58:06,https://www.youtube.com/watch?v=trQkj62t2lk,yes
2026-07-14,Grimdark Breakdown,Custodes 11th Edition: The Best Units to Buy & Play Right Now #custodes #11thedition,Faction / unit guides,25:01,https://www.youtube.com/watch?v=wGBLHFbEMk4,yes
2026-07-14,Guerrilla Miniature Games,GMG Reviews - What's different about the Ork and Space Marine Getting Started Boxes?,Core rules / how to play,11:15,https://www.youtube.com/watch?v=EW_Kr6ijziM,no
2026-07-14,Guerrilla Miniature Games,"GMG Reviews - The Warhammer 40,000 Starter Set and new Terrain!",Deployment / setup / terrain,11:47,https://www.youtube.com/watch?v=5wKqp8OV5co,no
2026-07-14,Guerrilla Miniature Games,"Warhammer 40,000 11th Ed Battle Report - Custodes vs. Chaos Cult",Battle report,1:13:20,https://www.youtube.com/watch?v=21aum0a9kEQ,yes
2026-07-14,Planet 40K,You Shouldn't Ignore Necron Warriors Anymore!,Army choice / list building; Meta / competitive analysis,19:08,https://www.youtube.com/watch?v=MJb718d4Wmc,yes
2026-07-14,vf.miniatures,Top 3 Winning Space Marine Lists in 11th Edition Analyzed | Warhammer 40K Tactics,Missions / objectives / scoring,19:29,https://www.youtube.com/watch?v=xU7Qm9zNU3A,yes
2026-07-14,BA Commander,Spear of the Host (Angelic Host + Encarmine Speartip) Detachment Overview,Meta / competitive analysis,13:26,https://www.youtube.com/watch?v=XAgslOYtba4,yes
2026-07-14,Omnii,(SCUFFED) Admech Aquisitous Rad Zone vs Daemons Shadow Legion with @hormaaa1  || Warhammer 40k,Battle report,,https://www.youtube.com/watch?v=UlGZZ6GAoIQ,no
2026-07-14,rootstem gaming,Crimson Fists vs Necrons - 11th Edition Warhammer 40k Battle Report,Army choice / list building; Deployment / setup / terrain; Battle report,37:48,https://www.youtube.com/watch?v=pS8zQugHhec,yes
2026-07-14,Proxy Hammer,"The A$$ Council Vs Saim Hann Bang Boat!!!-""11th Edition WH40k Battle Rep with @DeadofNight40K !""",Battle report,1:10:52,https://www.youtube.com/watch?v=ECF0_gPq0Zg,yes
2026-07-14,Tau Tactics,Montka tournament recap! | What I learned at my first 11th tournament,Army choice / list building; Battle report; Meta / competitive analysis,56:10,https://www.youtube.com/watch?v=W4Teb6avELQ,yes
2026-07-13,Into the Hive Mind,Tyranid 1st Tournament of 11th! Battle Report vs. Grey Knights (Priority vs Priority),Battle report; Meta / competitive analysis,1:07:11,https://www.youtube.com/watch?v=0rZKpslfwy4,yes
2026-07-13,Exalted40k,NEW LIST - Cult of Blood + Butchers of Khorne - One List for Every Detachment Combo,Army choice / list building; Meta / competitive analysis,10:32,https://www.youtube.com/watch?v=c3VONmSDTeI,yes
2026-07-13,Deploy on the Line 40K,A Drukhari List for EVERY SINGLE Disposition in 11th Edition - #warhammer40k,Deployment / setup / terrain,38:05,https://www.youtube.com/watch?v=mEmtp-TWI5I,yes
2026-07-13,Maelstrom Gaming Studios - Tyranids,Diving into the Disposition Ep1: Take and Hold | Warhammer 40k 11th Ed,Battle report,30:09,https://www.youtube.com/watch?v=jJVErMa2gsk,yes
2026-07-13,Mid Table Tactics,11TH EDITION! Leagues of Votann VS Iron Hands,Battle report; Meta / competitive analysis,,https://www.youtube.com/watch?v=adXDPnzXDqc,yes
2026-07-13,Omnii,Admech Erad Cohort vs GSC Outlander Claw with @Abbystealer || Warhammer 40k Battle Report,Battle report,,https://www.youtube.com/watch?v=DyMILGmmMcU,no
2026-07-13,Da Red Wunz Go Fasta!,Can we teach 11 year olds to play Warhammer 40K 11th edition?,Core rules / how to play,32:16,https://www.youtube.com/watch?v=ONlxBSTz9B8,yes
2026-07-13,Astrategas Wargames,⭐️INFORME WARHAMMER 40K⭐️ Death Guard VS Leagues of Votann - Undécima edición,Battle report,2:05:36,https://www.youtube.com/watch?v=c-g5ViuGXuQ,no
2026-07-12,Odyssey40k,5 Fundamentals To Win MORE - Warhammer 40K 11th Edition,Missions / objectives / scoring,16:10,https://www.youtube.com/watch?v=eK1E8GYKYUc,yes
2026-07-12,Exalted40k,NEW LIST - Cult of Blood + Brazen Engines - One List for Every Detachment Combo,Army choice / list building; Meta / competitive analysis,9:33,https://www.youtube.com/watch?v=52pQvfOdw2A,yes
2026-07-12,FirstTurnTactics,Models Must Stay Engaged? Weird Warhammer 40k 11th Rules Reveals and how to use them,Core rules / how to play,,https://www.youtube.com/watch?v=P6XNroNJAyM,yes
2026-07-12,Planet 40K,Necrons Hit Hard by the Latest Warhammer 40k 11th Edition FAQ!,Meta / competitive analysis,15:33,https://www.youtube.com/watch?v=VVeXcNPZCd4,yes
2026-07-12,Hubtown Hammer,Battle Report Custodes vs Necrons Recap 11th Edition Warhammer 40K,Deployment / setup / terrain; Battle report,20:24,https://www.youtube.com/watch?v=5sT_0Ra_YlE,yes
2026-07-12,winters SEO,"Emperors Children vs Necons, Warhammer 40k battle report, 11th edition",Core rules / how to play; Battle report,1:21:16,https://www.youtube.com/watch?v=YkVrQxBC56U,yes
2026-07-12,BA Commander,Blood Angels Army List Show (Episode 244),Army choice / list building,,https://www.youtube.com/watch?v=OaQEwtw2hwI,no
2026-07-12,WarGames Live,W4 Warhammer 40k 11th Edition Tournament Day 2,Meta / competitive analysis,,https://www.youtube.com/watch?v=2ub3jo_AvGQ,yes
2026-07-12,WarGames Live,W4 Warhammer 40k 11th Edition Tournament Day 1,Meta / competitive analysis,,https://www.youtube.com/watch?v=HER6VzUGO60,yes
2026-07-11,Tabletop Tactics,**11th EDITION!** Salamanders vs Necrons | Warhammer 40k Battle Report,Deployment / setup / terrain; Battle report; Meta / competitive analysis,57:06,https://www.youtube.com/watch?v=7yKWrCGyZgk,yes
2026-07-11,The Tabletop Alliance 40K,We've Had To Make A Difficult Decision... 😭,Meta / competitive analysis,12:17,https://www.youtube.com/watch?v=79mqdEYSWgM,no
2026-07-11,HivemindHobbies,How to play vanguard onslaught in 11th edition,Core rules / how to play; Deployment / setup / terrain,51:49,https://www.youtube.com/watch?v=wp4tAwOIvrI,yes
2026-07-11,HivemindHobbies,"Tyranid army list review show episode 15, 11th edition lists!",Army choice / list building,,https://www.youtube.com/watch?v=uE23O97qQWc,yes
2026-07-11,Armstrong Hobbies,10 Mistakes All New Warhammer Players Make,Core rules / how to play,16:19,https://www.youtube.com/watch?v=Kdj5MBhsyBM,yes
2026-07-11,Recon By Fire,How Chaos Knights Play Priority Assets vs Purge the Foe,Battle report,40:17,https://www.youtube.com/watch?v=H7olE9Q0C8Q,no
2026-07-11,Exalted40k,NEW LIST - Possessed Slaughterband + Vessels of Wrath - One List for Every Detachment Combo,Army choice / list building; Meta / competitive analysis,9:49,https://www.youtube.com/watch?v=Cz66STpLlN8,yes
2026-07-11,Tabletop Titans,Thousand Sons vs Space Wolves - Competitive Warhammer 40k Battle Report - Titan Duels,Battle report; Meta / competitive analysis,47:51,https://www.youtube.com/watch?v=MHJMPmGfNNk,no
2026-07-11,Tabletop Titans,We Tried the New 40K Terrain from GW,Deployment / setup / terrain,,https://www.youtube.com/watch?v=b42tvkrUwOQ,yes
2026-07-11,Mid Table Tactics,11TH EDITION! Tyranids VS Adeptus Custodes,Battle report,,https://www.youtube.com/watch?v=GKUsJTKuYII,yes
2026-07-10,Exalted40k,NEW LIST - Possessed Slaughterband + Butchers of Khorne - One List for Every Detachment Combo,Army choice / list building; Meta / competitive analysis,8:56,https://www.youtube.com/watch?v=gIfSQ8f_5y4,yes
2026-07-10,SkaredCast,NEW 40k - Drukhari Priority vs Emperors Children Purge - Warhammer 40000 Battle Report | Skaredcast,Battle report,54:27,https://www.youtube.com/watch?v=tkKjUBl3gNI,no
2026-07-10,FirstTurnTactics,Funniest Unit Exploit? Weird Warhammer 40k 11th Rules Reveals and how to use them,Core rules / how to play,,https://www.youtube.com/watch?v=xRRXiMiM4yY,yes
2026-07-10,Planet 40K,3 Ways to Build Your Necrons Around Nekrosor Ammentar!,Meta / competitive analysis,14:38,https://www.youtube.com/watch?v=igkTpBvk2BA,yes
2026-07-10,MiniWarGaming,Matthew's First Game of 11th | Tyranids vs Space Wolves Warhammer 40k 11th Edition Battle Report,Deployment / setup / terrain; Battle report,1:27:53,https://www.youtube.com/watch?v=j35w8A-jKfo,yes
2026-07-10,Mid Table Tactics,11TH EDITION!  Deathguard VS Leagues of Votann,Battle report,,https://www.youtube.com/watch?v=TKZGrS9Nj7Y,yes
2026-07-10,Warp Friends,Faction Focus - Meta breakdown - Space Marines & Orks - July 10th 2026,Faction / unit guides; Meta / competitive analysis,12:10,https://www.youtube.com/watch?v=fablIicFh7E,yes
2026-07-10,Zeeto,Death Guard Vs Adepta Sororitas 11th Edition - Live TTS Battle - Contagion Unleashed,Battle report,,https://www.youtube.com/watch?v=lmTOGMqStY8,yes
2026-07-10,StrikingScorpion82,T'au Empire vs Imperial Fists Space Marines Warhammer 40K 11th Edition Battle Report 2000pts,Army choice / list building; Battle report,1:47:27,https://www.youtube.com/watch?v=eUpeWbN7gF4,yes
2026-07-09,Odyssey40k,The 25 Biggest Lessons Competitive Warhammer 40K Taught Me,Meta / competitive analysis,30:55,https://www.youtube.com/watch?v=7MfgxuQHM3s,yes
2026-07-09,Master Crafted,Tyranids vs GSC Live Game! - Warhammer 40k - Master Crafted LIVE,Deployment / setup / terrain; Missions / objectives / scoring; Battle report,,https://www.youtube.com/watch?v=PMsUsbmR2FA,no
2026-07-09,Brother Tobias,Warhammer 40.000 - Warhammer 40.000 - ULTRAMARINES Tier List - 11th Edition first Impressions!,Faction / unit guides; Meta / competitive analysis,,https://www.youtube.com/watch?v=hOC1qejArzI,yes
2026-07-09,Exalted40k,NEW LIST - Possessed Slaughterband + Brazen Engines - One List for Every Detachment Combo,Army choice / list building; Meta / competitive analysis,11:44,https://www.youtube.com/watch?v=X9vugta0dn8,yes
2026-07-09,Deploy on the Line 40K,How To Beat EVERY Disposition With Recon - Recon Vs Priority Assets,Deployment / setup / terrain; Battle report,46:18,https://www.youtube.com/watch?v=VU4S_6e1NgE,no
2026-07-09,PNW 40K,Orks Take On Necrons | Warhammer 40k Battle Report,Battle report; Meta / competitive analysis,25:56,https://www.youtube.com/watch?v=-4u2I3a2JN8,no
2026-07-09,WednesdayNightWarhammer,Space Marine Salamanders  vs Death Guard! : 11th edition battle report,Missions / objectives / scoring; Battle report,,https://www.youtube.com/watch?v=attJ2PPB3no,yes
2026-07-09,vf.miniatures,Top 5 Space Marine Detachments Worth a Second Look in 11th Edition | Warhammer 40K Tactics,Faction / unit guides,26:18,https://www.youtube.com/watch?v=8ZuEVEAiTpM,yes
2026-07-09,winters SEO,What Games Workshop gets wrong about narrative play.,Core rules / how to play,14:58,https://www.youtube.com/watch?v=E2CvkoDnb1g,no
2026-07-09,Mid Table Tactics,11TH EDITION! Emperors Children VS Chaos Space Marines,Battle report,,https://www.youtube.com/watch?v=lcwffaSwl9w,yes
2026-07-09,StrikingScorpion82,Orks vs Thousand Sons 2000pts Battle Warhammer 40K,Army choice / list building; Battle report,,https://www.youtube.com/watch?v=doo1R6lpOLU,no
2026-07-09,StrikingScorpion82,NOT A FAIR GAME of 40K? Magnus the Red vs Votann Battle Report,Battle report,,https://www.youtube.com/watch?v=NvSzZss5iig,no
2026-07-08,Vanguard Tactics,Necrons Vs Adeptus Custodes 11th Edition Warhammer 40K Battle Report,Battle report,,https://www.youtube.com/watch?v=dpkhE7z5uWU,yes
2026-07-08,Odyssey40k,Build Your List for your DISPOSITION - Skill Issue 42,Meta / competitive analysis,1:05:25,https://www.youtube.com/watch?v=3dTlNeXJtuM,no
2026-07-08,Recon By Fire,Space Wolves vs Imperial Knights #warhammer40k #battlereport,Missions / objectives / scoring; Battle report,3:01:09,https://www.youtube.com/watch?v=R9jjFwE_DSY,no
2026-07-08,Exalted40k,NEW LIST - Khorne Daemonkin + Vessels of Wrath - One List for Every Detachment Combo,Army choice / list building; Meta / competitive analysis,8:55,https://www.youtube.com/watch?v=ntUlUnDQ0_0,yes
2026-07-08,PNW 40K,Analyze Your Games Like a Pro in 40k,Deployment / setup / terrain; Missions / objectives / scoring,21:37,https://www.youtube.com/watch?v=0hrbxuSeqxM,yes
2026-07-08,FirstTurnTactics,Indirect Fire Nerfed! Weird Warhammer 40k 11th Rules Reveals and how to use them,Meta / competitive analysis,,https://www.youtube.com/watch?v=F-8oPTEPi38,yes
2026-07-08,MiniWarGaming,The Terminus Decree | Custodes vs Grey Knights Warhammer 40k 10th Edition Battle Report,Army choice / list building; Missions / objectives / scoring; Battle report,1:31:08,https://www.youtube.com/watch?v=5NOWWM3_J6c,no
2026-07-08,Warp Friends,11th Edition Meta Stats Week of July 6th 2026 - Warhammer 40k Tournament Review,Meta / competitive analysis,22:47,https://www.youtube.com/watch?v=nrnQ9U1mNuQ,yes
2026-07-08,BA Commander,Blood Angels vs Necrons - Battle Report (Warhammer 40k),Battle report,,https://www.youtube.com/watch?v=DT3LvkuwC3c,no
2026-07-08,Zeeto,11th Edition - How to navigate the Fight Phase,Phase tactics,17:07,https://www.youtube.com/watch?v=zHwgS-pni1M,yes
2026-07-08,StrikingScorpion82,Thousand Sons 2000pts List Warhammer 40K,Army choice / list building,,https://www.youtube.com/watch?v=nDJELRWCJiU,no
2026-07-07,Play On Tabletop,Deep Strike is the Strategy! Grey Knights try to out manoeuvre T'au. Warhammer 40k in 40m,Deployment / setup / terrain; Battle report,48:25,https://www.youtube.com/watch?v=HAaM5_E187U,yes
2026-07-07,Poorhammer,How to play CO-OP Warhammer 40K 11th Edition,Core rules / how to play,1:08:57,https://www.youtube.com/watch?v=q7WKKw-PSbg,yes
2026-07-07,Armstrong Hobbies,How to build an Ork army for 11th Edition Warhammer 40k,Core rules / how to play; Army choice / list building,10:21,https://www.youtube.com/watch?v=G8GFLUDxzhI,yes
2026-07-07,Exalted40k,NEW LIST - Khorne Daemonkin + Butchers of Khorne - One List for Every Detachment Combo,Army choice / list building; Meta / competitive analysis,10:00,https://www.youtube.com/watch?v=ePViqeb05UI,yes
2026-07-07,Deploy on the Line 40K,11th Edition Drukhari Datasheet Tierlist! - #warhammer40k,Deployment / setup / terrain,53:11,https://www.youtube.com/watch?v=BB6KwSP7RjI,yes
2026-07-07,SkaredCast,NEW40k - Competitive Drukhari 40k Tournament and Army list Development | Skaredcast,Army choice / list building; Meta / competitive analysis,15:32,https://www.youtube.com/watch?v=jYeX8TcVx3E,no
2026-07-07,PNW 40K,Renegade Raiders vs Awakened Dynasty - Epic 40K Matchup,Battle report,28:17,https://www.youtube.com/watch?v=VvJEIKH4Akg,yes
2026-07-07,Grimdark Breakdown,World Eaters 11th Edition: Best Units to Buy & Play Right Now #worldeaters #11thedition,Faction / unit guides,54:39,https://www.youtube.com/watch?v=q_bzAryzPV0,yes
2026-07-07,Grimdark Breakdown,Warhammer 40K 11th Edition Escalation League: Everything You Need to Know #11thedition,Core rules / how to play,18:38,https://www.youtube.com/watch?v=gwglkkTS3iQ,yes
2026-07-07,Grimdark Breakdown,Meta Monday: Which Armies Need Buffs Before the Dataslate?  #11thedition #warhammer40k,Meta / competitive analysis,41:29,https://www.youtube.com/watch?v=TckKzGJMPXE,yes
2026-07-07,Grimdark Breakdown,Emperor's Children 11th Edition: Best Lists & Best Units #emperorschildren #11thedition #warhammer,Army choice / list building; Faction / unit guides,51:04,https://www.youtube.com/watch?v=7wS-nkY_4xQ,yes
2026-07-07,Mean Screen,Goodbye to 10th Edition 40k | Battle Report,Battle report,27:49,https://www.youtube.com/watch?v=HBb0joW1sLs,no
2026-07-07,Planet 40K,Is Nekrosor Ammentar Worth 175 Points?,Army choice / list building,16:29,https://www.youtube.com/watch?v=YlczgTPpwcc,yes
2026-07-07,Maelstrom Gaming Studios - Tyranids,Tyranids vs Death Guard | Warhammer 40k 11th Edition Battle Report Ep: 119,Missions / objectives / scoring; Battle report; Meta / competitive analysis,2:21:52,https://www.youtube.com/watch?v=5q-zb6oBLVc,yes
2026-07-07,Tactical Sugar,Everyone Says This World Eater Detachment Is BAD... I took it to a GT,Meta / competitive analysis,16:45,https://www.youtube.com/watch?v=2BbaulmKSes,no
2026-07-07,Astrategas Wargames,METAFORGE: Tau Empire | Análisis de las MEJORES Listas Competitivas | Warhammer 40.000,Meta / competitive analysis,37:47,https://www.youtube.com/watch?v=mXMNQn3Fxko,no
2026-07-07,StrikingScorpion82,Warhammer Worlds '11TH EDITION CITY FIGHT' | 40K Battlefield Creation Warhammer 40K Terrain Tutorial,Core rules / how to play; Deployment / setup / terrain,5:37,https://www.youtube.com/watch?v=jGSNHfB8GwE,yes
2026-07-07,StrikingScorpion82,Leagues of Votann 2000pts List Warhammer 40K,Army choice / list building,,https://www.youtube.com/watch?v=u4mVhsekfqM,no
2026-07-06,Odyssey40k,Are Orks Busted? 1 Day Tournament recap - Warhammer 40K 11th Edition,Deployment / setup / terrain; Battle report; Meta / competitive analysis,21:36,https://www.youtube.com/watch?v=CpXTr8wQG-g,yes
2026-07-06,Night Geist Gaming,Take and Hold: The Matchup Guide | 40K 11th Edition,Missions / objectives / scoring; Battle report,41:33,https://www.youtube.com/watch?v=9vfkDtatPt4,yes
2026-07-06,Recon By Fire,Imperial Knights vs Space Wolves #warhammer40k #battlereport,Battle report,17:14,https://www.youtube.com/watch?v=xkZwi5Mec8E,no
2026-07-06,Exalted40k,NEW LIST - Khorne Daemonkin + Brazen Engines - One List for Every Detachment Combo,Army choice / list building; Meta / competitive analysis,10:08,https://www.youtube.com/watch?v=R1p97EQUb-8,yes
2026-07-06,vf.miniatures,Top 5 Space Marine Units That Are Still Too Expensive in 11th Edition | Warhammer 40K Tactics,Army choice / list building; Faction / unit guides,21:50,https://www.youtube.com/watch?v=7ky4w_M8P1w,yes
2026-07-06,Mid Table Tactics,11TH EDITION! Imperial Knights VS Tyranids,Battle report,,https://www.youtube.com/watch?v=53NPJeZRwHw,yes
2026-07-06,BA Commander,Blood Angels Army List Show (Episode 243),Army choice / list building,,https://www.youtube.com/watch?v=z_bjDTVxbGk,no
2026-07-06,Hellstorm Wargaming,Your Intercessors can’t sticky Objectives anymore? #warhammer40k #new40k #warhammercommunity,Missions / objectives / scoring,,https://www.youtube.com/watch?v=HQX5czcqHoE,no
2026-07-06,Astrategas Wargames,⭐️INFORME WARHAMMER 40K⭐️ Tyranids VS Death Guard - Undécima edición,Battle report,1:44:28,https://www.youtube.com/watch?v=nCY9bBEZOvk,no
2026-07-06,EonsOfBattle,My First Warhammer 40k Army Is Too Big! | Huge 40k Collection!,Deployment / setup / terrain,22:20,https://www.youtube.com/watch?v=AildOzShwgo,no
2026-07-05,Armstrong Hobbies,Every Xeno's Faction explained for 11th Edition Warhammer 40k,Core rules / how to play,17:50,https://www.youtube.com/watch?v=SJR4GacIV98,yes
2026-07-05,FirstTurnTactics,Coherency now 9 Inches! Weird Warhammer 40k 11th Rules Reveals and how to use them,Core rules / how to play,,https://www.youtube.com/watch?v=1UL5MD_mQGs,yes
2026-07-05,Planet 40K,These 7 Necron Rules Need an FAQ!,Core rules / how to play,11:02,https://www.youtube.com/watch?v=rr5P31cDVjw,yes
2026-07-05,winters SEO,"Competitive play? Aeldari vs Emperor's Children, Warhammer 40k battle report, 11th edition.",Deployment / setup / terrain; Missions / objectives / scoring; Battle report; Meta / competitive analysis,1:24:53,https://www.youtube.com/watch?v=Wug_u_WThiM,yes
2026-07-05,Mid Table Tactics,11TH EDITION!  Genestealer Cult VS Adeptus Custodes,Battle report,,https://www.youtube.com/watch?v=sXLRgn5zf84,yes
2026-07-05,Baldur Wargaming,T’au Empire VS Vanguard Tyranids | Jungle Ambush | Warhammer 40K 11th Edition Battle Report,Deployment / setup / terrain; Missions / objectives / scoring; Battle report,52:47,https://www.youtube.com/watch?v=a0og-GrHYMs,yes
2026-07-05,Proxy Hammer,"Are YOU Starting Aeldari In 11th Edition??-""A Complete Guide for Starting Each Detachment!!""",Army choice / list building; Faction / unit guides,48:50,https://www.youtube.com/watch?v=byO1Z9CaVj0,yes
2026-07-04,Tabletop Tactics,**11th EDITION** Astra Militarum vs Orks | Warhammer 40k Battle Report,Battle report; Meta / competitive analysis,1:18:01,https://www.youtube.com/watch?v=RNq57iLxffU,yes
2026-07-04,Tabletop Tactics,**11TH EDITION!** NEW Orks vs Blood Angels | Warhammer 40k Battle Report,Battle report,1:02:02,https://www.youtube.com/watch?v=z-tOMG--fiQ,yes
2026-07-04,Tabletop Tactics,"11th Edition Aeldari, Votann, Ad Mech & Necrons Faction Focus",Faction / unit guides,57:34,https://www.youtube.com/watch?v=FaoIIlwt5B0,yes
2026-07-04,Vanguard Tactics,Death Guard in 11th Edition: The Competitive Breakdown,Meta / competitive analysis,31:50,https://www.youtube.com/watch?v=WeXH4djaTY0,yes
2026-07-04,Vanguard Tactics,Chaos Space Marines in 11th Edition: The Competitive Breakdown,Meta / competitive analysis,25:50,https://www.youtube.com/watch?v=YV42uyGQ0wM,yes
2026-07-04,Vanguard Tactics,Astra Militarum in 11th Edition: The Competitive Breakdown,Meta / competitive analysis,26:08,https://www.youtube.com/watch?v=hEq3Y0rJ_Qs,yes
2026-07-04,Vanguard Tactics,Grey Knights in 11th Edition: The Competitive Breakdown,Meta / competitive analysis,29:29,https://www.youtube.com/watch?v=PMSykHWP1g4,yes
2026-07-04,Vanguard Tactics,Adeptus Custodes in 11th Edition: The Competitive Breakdown,Meta / competitive analysis,22:57,https://www.youtube.com/watch?v=OrcRorCsY9Y,yes
2026-07-04,Vanguard Tactics,Adepta Sororitas in 11th Edition: The Competitive Breakdown,Meta / competitive analysis,27:06,https://www.youtube.com/watch?v=yGVXpoKbdtA,yes
2026-07-04,Vanguard Tactics,Emperor's Children in 11th Edition: The Competitive Breakdown,Meta / competitive analysis,25:03,https://www.youtube.com/watch?v=wsvL6R5-JW8,yes
2026-07-04,Vanguard Tactics,World Eaters in 11th Edition: The Competitive Breakdown,Meta / competitive analysis,24:48,https://www.youtube.com/watch?v=xhXEWIk14vU,yes
2026-07-04,Vanguard Tactics,Thousand Sons in 11th Edition: The Competitive Breakdown,Meta / competitive analysis,25:33,https://www.youtube.com/watch?v=-iNOa4uGuyc,yes
2026-07-04,Vanguard Tactics,Drukhari in 11th Edition: The Competitive Breakdown,Meta / competitive analysis,32:54,https://www.youtube.com/watch?v=GT0IaLGRNKM,yes
2026-07-04,Vanguard Tactics,Orks in 11th Edition: The Competitive Breakdown,Meta / competitive analysis,23:29,https://www.youtube.com/watch?v=N3gLkpPGSzk,yes
2026-07-04,Vanguard Tactics,Tyranids in 11th Edition: The Competitive Breakdown,Meta / competitive analysis,22:37,https://www.youtube.com/watch?v=parAOjAEjMY,yes
2026-07-04,Vanguard Tactics,Aeldari in 11th Edition: The Competitive Breakdown,Meta / competitive analysis,27:38,https://www.youtube.com/watch?v=SlsY5uo1elI,yes
2026-07-04,Vanguard Tactics,Necrons in 11th Edition: The Competitive Breakdown,Meta / competitive analysis,23:23,https://www.youtube.com/watch?v=xefGr2zdW5w,yes
2026-07-04,Vanguard Tactics,Space Marines in 11th Edition: The Competitive Breakdown,Meta / competitive analysis,34:22,https://www.youtube.com/watch?v=GSJC6aLLjVA,yes
2026-07-04,Happy Krumping,Are ORKS the BEST army in 11th edition Warhammer 40k now?,Army choice / list building,18:17,https://www.youtube.com/watch?v=IVlgcnex-Mc,yes
2026-07-04,Happy Krumping,Orks LOVE the New 11th Edition 40k Missions,Missions / objectives / scoring,17:21,https://www.youtube.com/watch?v=Du2Z1oPC62Y,yes
2026-07-04,The Tabletop Alliance 40K,TAU VS CUSTODES! - 11th Edition Battle Report! - Warhammer 40k,Army choice / list building; Battle report,,https://www.youtube.com/watch?v=ywtepBKJ5N0,yes
2026-07-04,Play On Tabletop,Custodes vs World Eaters - 40k Live Stream,Army choice / list building; Battle report,,https://www.youtube.com/watch?v=gwRR9rKMD0k,no
2026-07-04,Odyssey40k,There Are Only 2 Types of Games in Competitive 11th Edition - Warhammer 40K,Meta / competitive analysis,11:06,https://www.youtube.com/watch?v=DYsezSSecPk,yes
2026-07-04,Odyssey40k,11th Edition Secondary Cards Explained! What Actually Matters - Warhammer 40K,Missions / objectives / scoring,19:56,https://www.youtube.com/watch?v=bEHhFWhNnVU,yes
2026-07-04,6 Plus Plus Gaming,Analysing the New 11th Edition Secondaries,Missions / objectives / scoring,28:40,https://www.youtube.com/watch?v=oMdh0XhYoTY,yes
2026-07-04,6 Plus Plus Gaming,Making The Most Of The 11th Edition Charge Phase | Combat 101 #new40k,Core rules / how to play; Phase tactics,9:17,https://www.youtube.com/watch?v=c94YCBn_yk0,yes
2026-07-04,Master Crafted,Thousand Sons Base Guide- Warhammer 40k - Master Crafted,Missions / objectives / scoring,30:18,https://www.youtube.com/watch?v=tS4oDGBLWyc,yes
2026-07-04,Warpbane Tactics,Grey Knights List Building Has Changed,Army choice / list building,8:22,https://www.youtube.com/watch?v=Ay9OMAP5DVc,yes
2026-07-04,Warpbane Tactics,This Changes EVERYTHING For Grey Knights | New Missions & Detachments,Missions / objectives / scoring,21:23,https://www.youtube.com/watch?v=nrk7Wh5UvyI,no
2026-07-04,Into the Hive Mind,How to Build Lists in 11th Edition - Disruption,Army choice / list building,48:40,https://www.youtube.com/watch?v=sPfkMWniB8o,yes
2026-07-04,Into the Hive Mind,Tyranid Detachment Tier List! (First of 11th Edition),Faction / unit guides; Meta / competitive analysis,52:40,https://www.youtube.com/watch?v=5UJ_l5D3Pr8,yes
2026-07-04,Into the Hive Mind,How to Start a Tyranid Army in 11th Edition,Army choice / list building,25:15,https://www.youtube.com/watch?v=8ezpee-DdQ8,yes
2026-07-04,HivemindHobbies,My top 5 favorite Tyranid units of 10th edition!!,Faction / unit guides,11:10,https://www.youtube.com/watch?v=C4CXi7k5r88,no
2026-07-04,40K Dirtbags,How to play WAZDAKKA! Like a PRO 11th edition | Competitive ORKS | Warhammer 40k #40k,Core rules / how to play; Meta / competitive analysis,48:46,https://www.youtube.com/watch?v=k-RhTIBPYIY,yes
2026-07-04,40K Dirtbags,Death Guard 11th Edition List Ideas! | Competitive | Warhammer 40k #40k,Army choice / list building; Meta / competitive analysis,53:11,https://www.youtube.com/watch?v=UJmLpRpfvUw,yes
2026-07-04,40K Dirtbags,Orks 11th Edition List Ideas! | Competitive | Warhammer 40k #40k,Army choice / list building; Meta / competitive analysis,46:39,https://www.youtube.com/watch?v=VeKnv_9CiHI,yes
2026-07-04,40K Dirtbags,Grey Knights 11th Edition List Ideas! | Competitive | Warhammer 40k #40k,Army choice / list building; Meta / competitive analysis,41:50,https://www.youtube.com/watch?v=aRNQnDeyomA,yes
2026-07-04,40K Dirtbags,Chaos Space Marines New Detachment points & Review! | Competitive | Warhammer 40k #40k,Meta / competitive analysis,25:28,https://www.youtube.com/watch?v=wwnw5KMeFOg,no
2026-07-04,40K Dirtbags,Custodes New Detachment points! 11th edition | Competitive | Warhammer 40k #40k,Meta / competitive analysis,22:52,https://www.youtube.com/watch?v=WvH8VJOvo0U,yes
2026-07-04,40K Dirtbags,How To Use New Core Strats 11th Edition Tactics | Competitive | Warhammer 40k #40k,Meta / competitive analysis,28:48,https://www.youtube.com/watch?v=SGbPoPEzyLs,yes
2026-07-04,40K Dirtbags,How To Sling Shot in 11th edition! Fight Phase Tactics | Competitive | Warhammer 40k #40k,Phase tactics; Meta / competitive analysis,20:17,https://www.youtube.com/watch?v=IbsT6GAfV1Y,yes
2026-07-04,40K Dirtbags,Precision is Busted in 11th Edition! Here is How. | Competitive | Warhammer 40k #40k,Meta / competitive analysis,19:45,https://www.youtube.com/watch?v=daineY8FMMU,yes
2026-07-04,40K Dirtbags,How THE FIGHT PHASE actually works in 11th edition | Competitive | Warhammer 40k #40k,Phase tactics; Meta / competitive analysis,37:00,https://www.youtube.com/watch?v=MuDNZzN1oUk,yes
2026-07-04,40K Dirtbags,Grey Knights new Detachment Points! Looking GOOD! | Competitive | Warhammer 40k #40k,Meta / competitive analysis,30:42,https://www.youtube.com/watch?v=a5Cb5XmX8sc,no
2026-07-04,40K Dirtbags,Orks GT Win Final Game 5 vs Tyranids - Kult of speed | Competitive | Warhammer 40k #40k,Battle report; Meta / competitive analysis,41:40,https://www.youtube.com/watch?v=LW2wWixM_xc,no
2026-07-04,40K Dirtbags,"Where to Start in 11th Edition of Warhammer 40,000 | Competitive | Warhammer 40k #40k",Meta / competitive analysis,29:12,https://www.youtube.com/watch?v=T1IIpNHi2x0,yes
2026-07-04,40k Vtuber: Christian Von Carmian,Points Update from the Imperial Agents Player Perspective - Warhammer 40K 11th edition,Army choice / list building,17:13,https://www.youtube.com/watch?v=Uu3pF3t1AJo,yes
2026-07-04,40k Vtuber: Christian Von Carmian,What will the Meta be at the Start of 11th edition Warhammer 40K?,Meta / competitive analysis,16:19,https://www.youtube.com/watch?v=7ERwi9WoiaM,yes
2026-07-04,Recon By Fire,Chaos Knights vs Space Wolves #warhammer40k #battlereport,Battle report,2:50:33,https://www.youtube.com/watch?v=LnUmBPG7-CA,no
2026-07-04,Recon By Fire,Imperial Knights vs Blood Angels #warhammer40k #battlereport,Battle report,3:26:59,https://www.youtube.com/watch?v=RAuHdSbtLdE,no
2026-07-04,Recon By Fire,Chaos Knights vs Tyranids #warhammer40k #battlereport,Battle report,15:01,https://www.youtube.com/watch?v=HGG2vH6Wzlc,no
2026-07-04,Recon By Fire,Imperial Knights vs Thousand Sons #warhammer40k #battlereport,Battle report,2:49:37,https://www.youtube.com/watch?v=RdCo-IGWPyU,no
2026-07-04,Recon By Fire,World Eaters vs Imperial Knights #warhammer40k #battlereport #11thedition,Battle report,16:44,https://www.youtube.com/watch?v=UOxdgm5_pxU,yes
2026-07-04,Recon By Fire,Imperial Knights vs Tau #warhammer40k #battlereport,Battle report,17:38,https://www.youtube.com/watch?v=EH7_nEGz8Yc,no
2026-07-04,Recon By Fire,Imperial Knights vs World Eaters 11th edition #battlereport #warhammer40k,Battle report,13:52,https://www.youtube.com/watch?v=-p7cVmVbzuY,yes
2026-07-04,The Six Machine,NEW Ork Codex REVEALED! 15 Detachments & BIG Rules Changes! | Warhammer 40K 11th Edition,Core rules / how to play,13:56,https://www.youtube.com/watch?v=6UlshRK9-BQ,yes
2026-07-04,The Six Machine,BRAND NEW Dark Angels Points! Ravenwing & Deathwing Buffs! | Warhammer 40K 11th Edition,Meta / competitive analysis,15:56,https://www.youtube.com/watch?v=9ozQSbWk79Y,yes
2026-07-04,The Six Machine,NEW Talons Of The Norn Queen Detachment Review! | Warhammer 40K 11th Edition,Army choice / list building,9:50,https://www.youtube.com/watch?v=hFel9AVOdKU,yes
2026-07-04,The Six Machine,NEW Interrogation Conclave Detachment Review - Chaplain Meta?! | Warhammer 40K 11th Edition,Army choice / list building; Meta / competitive analysis,13:33,https://www.youtube.com/watch?v=Vs6MGJdGaX0,yes
2026-07-04,The Six Machine,NEW Darkflight Pursuit  Detachment Review - Spicy Sammael Combo?! | Warhammer 40K 11th Edition,Army choice / list building,10:12,https://www.youtube.com/watch?v=fHfyjVdbR98,yes
2026-07-04,The Six Machine,NEW Dark Age Arsenal Detachment Review - Is Plasma Back?! | Warhammer 40K 11th Edition,Army choice / list building,14:24,https://www.youtube.com/watch?v=7LOZ4p53g0o,yes
2026-07-04,The Six Machine,45 TERMINATORS! NEW Warhammer 40k 11th Edition Battle Report! | Dark Angels Vs Astra Militarum,Battle report,1:56:22,https://www.youtube.com/watch?v=tkx5dvH7X3Q,yes
2026-07-04,The Six Machine,FULL Armageddon Orks Datasheets Breakdown! | Warhammer 40K 11th Edition,Faction / unit guides,13:40,https://www.youtube.com/watch?v=c7Q_VpPa1mY,yes
2026-07-04,The Six Machine,FULL Armageddon Space Marine Datasheets Breakdown! | Warhammer 40K 11th Edition,Faction / unit guides,15:41,https://www.youtube.com/watch?v=fH3CaT3lIr8,yes
2026-07-04,Exalted40k,World Eaters Helbrute is DEAD - Rules Update and Funeral Service,Core rules / how to play,9:35,https://www.youtube.com/watch?v=kI4UIK7p26k,no
2026-07-04,Exalted40k,How 11th Edition Impacts World Eaters - Detachment Tier List,Faction / unit guides; Meta / competitive analysis,36:16,https://www.youtube.com/watch?v=aR2JH61ukyU,yes
2026-07-04,Exalted40k,CRAZY TRICK - Reactive Disembark into Heroic Intervention!,Phase tactics,13:41,https://www.youtube.com/watch?v=UnVW8mSYr2M,no
2026-07-04,Exalted40k,"11th Edition Fight Phase Trick - Move Angron 44""! *REMASTERED*",Phase tactics,17:41,https://www.youtube.com/watch?v=lcKvzVSN5l4,yes
2026-07-04,Deploy on the Line 40K,How To Beat EVERY Disposition With Recon - Recon Vs Disruption | #warhammer40k  11th Edition,Deployment / setup / terrain; Battle report,34:53,https://www.youtube.com/watch?v=spnQ-qpfP_I,yes
2026-07-04,Deploy on the Line 40K,How To Beat EVERY Disposition With Recon - Recon Vs Purge The Foe | #warhammer40k  11th Edition,Battle report,39:13,https://www.youtube.com/watch?v=RK1zpxNj624,yes
2026-07-04,Deploy on the Line 40K,"FULL Space Marine 11th Detachments + Core Rule Changes, Vect NERFED!? - #warhammer40k 11th Edition",Core rules / how to play; Meta / competitive analysis,1:32:08,https://www.youtube.com/watch?v=QcPyk4YsmY8,yes
2026-07-04,Deploy on the Line 40K,Top 5 Most IMPROVED CSM Datasheets in 11th Edition   Warhammer 40k 11th,Faction / unit guides,24:07,https://www.youtube.com/watch?v=pjSW4PrlEyg,yes
2026-07-04,Deploy on the Line 40K,Top 5 Most IMPROVED Drukhari Datasheets in 11th Edition -  #warhammer40k 40k 11th Edition,Faction / unit guides,23:41,https://www.youtube.com/watch?v=58vDwLTr77Y,yes
2026-07-04,SkaredCast,NEW 40k Battle Report ! - Drukhari vs Genestealer Cult | Skaredcast,Battle report,1:08:36,https://www.youtube.com/watch?v=RnUUFmRZ94s,no
2026-07-04,PNW 40K,Necron Meta Predictions | 11th Edition Tier List,Faction / unit guides; Meta / competitive analysis,47:12,https://www.youtube.com/watch?v=e-yxp4SilpQ,yes
2026-07-04,PNW 40K,The New Thousand Sons Meta: Full Battle Report,Battle report; Meta / competitive analysis,29:52,https://www.youtube.com/watch?v=2DuzoQMO-IM,no
2026-07-04,PNW 40K,Warhammer 40k Battle Report: Tau vs Necron Awakened Dynasty,Battle report,30:52,https://www.youtube.com/watch?v=6IB-Vh7D1Z4,no
2026-07-04,PNW 40K,Take And Hold Analysis: Is Your Army Built For It?,Meta / competitive analysis,22:33,https://www.youtube.com/watch?v=f0sH1EkJZUI,yes
2026-07-04,PNW 40K,Are Necrons doomed against Dread Mob? | Warhammer 40k Battle Report,Battle report,34:06,https://www.youtube.com/watch?v=5y4LfHRYQm0,no
2026-07-04,Planet 40K,Did GW Just Buff Necrons?,Meta / competitive analysis,37:52,https://www.youtube.com/watch?v=GAfVPPX_zbs,no
2026-07-04,Planet 40K,How to Exploit Primary Selection in Warhammer 40K 11th Edition!,Army choice / list building; Missions / objectives / scoring,10:20,https://www.youtube.com/watch?v=JY8ETxmGQlU,yes
2026-07-04,BGUK Nemesis Gaming,11th Edition Battle Report - Custodes vs Necrons,Battle report,2:11:24,https://www.youtube.com/watch?v=f7dmV2DU1iE,yes
2026-07-04,BGUK Nemesis Gaming,Battle report from the Battleground Gaming Teams RTT 27/6/2006. Necrons vs Thousand Sons.,Battle report; Meta / competitive analysis,2:09:44,https://www.youtube.com/watch?v=0e4L8e6pGf4,no
2026-07-04,BGUK Nemesis Gaming,🎬 BGUK NEMESIS GAMING PRESENTS⚔️ BOLTGUN TACTICS RTT BATTLE REPORT ⚔️  Orks VS Astra Militarum,Battle report; Meta / competitive analysis,1:54:33,https://www.youtube.com/watch?v=EL1ehnSaNIo,no
2026-07-04,BGUK Nemesis Gaming,11th Edition Rule Changes.  Episode 6: Fire Overwatch,Core rules / how to play; Phase tactics,2:05,https://www.youtube.com/watch?v=zbhym9aCSeo,yes
2026-07-04,BLACKHYDRA WARGAMING,"How to Play Warhammer 40,000 11th Edition - Ep. 02 Advanced Rules, Terrain, Monsters and More",Core rules / how to play; Deployment / setup / terrain,1:05:42,https://www.youtube.com/watch?v=siWZC988vsg,yes
2026-07-04,BLACKHYDRA WARGAMING,Death Guard vs. Black Templars 11th Edition WH40K Battle Report [DE/GER],Battle report,2:21:19,https://www.youtube.com/watch?v=-5N9zXqBbfI,yes
2026-07-04,Alex,WARHAMMER 11th Edition Facts Every BEGINNER Needs,Core rules / how to play,20:46,https://www.youtube.com/watch?v=fUcIWgiomSo,yes
2026-07-04,Tabletop Titans,Orks vs Genestealer Cults - TITAN DUELS - 11th Edition Warhammer 40k Battle Report,Battle report,49:47,https://www.youtube.com/watch?v=R4horDWF8MA,yes
2026-07-04,Tabletop Titans,Space Wolves vs Adeptus Mechanicus - Short Form 11th Edition Warhammer 40k Battle Report,Battle report,54:46,https://www.youtube.com/watch?v=bSjjLnnxcGY,yes
2026-07-04,Tabletop Titans,Chaos Daemons vs Black Templars - Short Form 11th Edition Warhammer 40k,Battle report,1:02:35,https://www.youtube.com/watch?v=BZwnfBPHVIQ,yes
2026-07-04,Tabletop Titans,11th Edition Tyranids vs Necrons - A Short Form Warhammer 40k Battle Report,Battle report,58:21,https://www.youtube.com/watch?v=tLafN7WzYvU,yes
2026-07-04,MiniWarGaming,ANCIENT ENMITY | Necrons vs Aeldari Warhammer 40k 11th Edition Battle Report Ep 4,Deployment / setup / terrain; Battle report,1:34:07,https://www.youtube.com/watch?v=yhlKdFnKjmU,yes
2026-07-04,MiniWarGaming,Thomas the Tank Engine and the WMD | Warhammer 40k 10th Edition Battle Report Ep 96,Battle report,1:36:42,https://www.youtube.com/watch?v=3G6dtPJ-hu4,no
2026-07-04,MiniWarGaming,PAIN AND PURITY | Grey Knights vs Druhkari Warhammer 40k 11th Edition Battle Report,Battle report,1:47:53,https://www.youtube.com/watch?v=QLqCT8QV2Wg,yes
2026-07-04,MiniWarGaming,10th Edition but 20 Years Ago | Orkz vs Dark Angels Warhammer 40k 4th Edition Battle Report Ep 93,Battle report,1:37:57,https://www.youtube.com/watch?v=l-cFNMlX_OE,no
2026-07-04,Hellstorm Wargaming,These 11th Edition Rules 𝚍̶𝚘̶𝚗̶'̶𝚝̶ Didn't Actually Work.,Core rules / how to play,26:23,https://www.youtube.com/watch?v=0xmy7NwKeoU,yes
2026-07-04,Hellstorm Wargaming,"The Core Rules are Incomplete, here's EVERYTHING that's Missing for 11th Edition.",Core rules / how to play,25:22,https://www.youtube.com/watch?v=gC2J0bA2mT8,yes
2026-07-04,Tactical Sugar,How to Play Goretrack + Vessels World Eaters!,Core rules / how to play,1:14:51,https://www.youtube.com/watch?v=svReMiO956o,no
2026-07-04,Baldur Wargaming,Stop Losing in Melee! 11th Edition Fight Phase & Fights First Explained,Phase tactics,8:31,https://www.youtube.com/watch?v=88Lr_gLwr48,yes
2026-07-04,Astrategas Wargames,⭐️WARHAMMER 40K BATTLE REPORT⭐️ Necrons VS White Scars - Eleventh Edition,Battle report,1:53:45,https://www.youtube.com/watch?v=1xDl_xsmuvM,yes
2026-07-04,Astrategas Wargames,"METAFORGE: Ultramarines | Analysis of the BEST Competitive Lists | Warhammer 40,000",Meta / competitive analysis,43:15,https://www.youtube.com/watch?v=N3UugovVOrg,no
2026-07-04,Astrategas Wargames,⭐️WARHAMMER 40K BATTLE REPORT⭐️ Tau Empire VS Chaos Knights - 11th Edition,Battle report,1:34:32,https://www.youtube.com/watch?v=f2yFlJ7HapI,yes
2026-07-04,Astrategas Wargames,This Is How TOURNAMENTS Will Work in the 11th Edition | New Matchmaking Rules,Meta / competitive analysis,46:33,https://www.youtube.com/watch?v=LwD_GRIGjUs,yes
2026-07-04,Astrategas Wargames,⭐️WARHAMMER 40K⭐️ CHAOS FACTION PACKS | ALL DETACHMENTS and MISSIONS,Missions / objectives / scoring,1:41:01,https://www.youtube.com/watch?v=A3TFtZaEgeo,no
2026-07-04,Astrategas Wargames,⭐️WARHAMMER 40K⭐️ XENOS FACTION PACKS | ALL DETACHMENTS and MISSIONS,Missions / objectives / scoring,1:45:21,https://www.youtube.com/watch?v=CcpGHLpxkps,no
2026-07-04,Astrategas Wargames,⭐️WARHAMMER 40K⭐️ SPACE MARINES FACTION PACK | ALL DETACHMENTS and MISSIONS,Missions / objectives / scoring,1:33:22,https://www.youtube.com/watch?v=TeK8t_as2S8,no
2026-07-04,Astrategas Wargames,⭐️WARHAMMER 40K⭐️ NEW PRIMARY MISSIONS and their PAIRINGS | 11th EDITION,Missions / objectives / scoring,58:07,https://www.youtube.com/watch?v=DnJdfWDfPII,yes
2026-07-04,Astrategas Wargames,"⭐️WARHAMMER 40K⭐️ VISIBILITY, COVERAGE and TERRAIN in the 11th EDITION",Deployment / setup / terrain,21:40,https://www.youtube.com/watch?v=9brBifnPbiE,yes
2026-07-04,Tabletop Gaming Alliance,Warhammer 40K Rules #4 | The Charge Phase Explained Simply,Phase tactics,3:47,https://www.youtube.com/watch?v=ZoFY6JpcFDc,no
2026-07-04,Tabletop Gaming Alliance,Warhammer 40K Rules #2 | Movement Phase Explained Simply,Phase tactics,15:15,https://www.youtube.com/watch?v=ZGgvqf_sPRw,no
2026-07-04,Tabletop Gaming Alliance,Warhammer 40K Rules #1 | Command Phase explained simply,Phase tactics,6:16,https://www.youtube.com/watch?v=SudF4RT-2TQ,no
2026-07-04,Tabletop Gaming Alliance,Warhammer 40k Rules Explained Simply – The Most Important Basics for Beginners,Core rules / how to play,9:44,https://www.youtube.com/watch?v=5RcGeJLLhtc,no
2026-07-04,rootstem gaming,Warhammer 40k 11th Edition Battle Report Aeldari v Adepta Sororitas,Battle report,27:08,https://www.youtube.com/watch?v=wDGKwcWnlq4,yes
2026-07-04,Warhammer,"Warhammer 40,000 GT -Edmonton - Round 4 - World Eaters vs Necrons",Battle report; Meta / competitive analysis,3:04:12,https://www.youtube.com/watch?v=niVIoGoVgRg,no
2026-07-04,EonsOfBattle,Three Army Lists I Would Love To Collect In 40k!,Army choice / list building,22:52,https://www.youtube.com/watch?v=ewv5ehRccgQ,no
2026-07-04,Proxy Hammer,"Aeldari Recon Vs Priority Assets Is TOUGH..-""Troll Your Opponent with These Underhanded Tactics!!""",Battle report,56:35,https://www.youtube.com/watch?v=LrDs9zROrA8,no
2026-07-04,Proxy Hammer,"The Premier Aeldari Detachment Tier List of 11th Edition!!-""A MASSIVE Shakeup Is Imminent!!!""",Faction / unit guides; Meta / competitive analysis,47:01,https://www.youtube.com/watch?v=zaZWBt59kYM,yes
2026-07-04,Proxy Hammer,"Aeldari Reconnaissance CRUSHES Primary In 11th Edition!!-""Recon vs Take and Hold is a Breeze!""",Missions / objectives / scoring; Battle report,48:01,https://www.youtube.com/watch?v=971gp7OfId8,yes
2026-07-04,Proxy Hammer,"In 48 Hours, 11th Edition Officially Begins!!-""Points NERFS and BUFFS Outlined In Warcom Article!""",Meta / competitive analysis,21:03,https://www.youtube.com/watch?v=6MtNonZAML8,yes
2026-07-04,Proxy Hammer,"What Do the 11th Edition Core Rules Do for the Aeldari??-""Flying Supremacy Incoming My Asur!!""",Core rules / how to play,1:24:12,https://www.youtube.com/watch?v=xFGyuYmXyJY,yes
2026-07-04,TacticalRock40K,The Framework Competitive Dark Angels Players Use to Build Lists in 11th Edition,Meta / competitive analysis,10:21,https://www.youtube.com/watch?v=sfRfLR9BFmM,yes
2026-07-04,TacticalRock40K,Every Dark Angels Data Sheet Ranked for 11th Edition (Full Tier List),Faction / unit guides; Meta / competitive analysis,39:07,https://www.youtube.com/watch?v=Cm2GqR5Q4Hw,yes
2026-07-04,StrikingScorpion82,TERRAIN Rules In Warhammer 40K 11th Edition | More Flexible Than You May Think | Topical Discussion,Deployment / setup / terrain,26:29,https://www.youtube.com/watch?v=E7X7El1IdZo,yes
2026-07-04,StrikingScorpion82,Imperial Fists vs Ultramarines Space Marines 11th Edition Warhammer 40K Battle Report 2000pts,Army choice / list building; Battle report,1:49:34,https://www.youtube.com/watch?v=fJpjnJwBnf4,yes
2026-07-04,StrikingScorpion82,Aeldari vs World Eaters Chaos Space Marines Warhammer 40K Battle Report 10th Edition 2000pts,Army choice / list building; Battle report,1:51:06,https://www.youtube.com/watch?v=XCdfUNjQo_E,no
2026-07-04,StrikingScorpion82,Aeldari vs Death Guard Chaos Space Marines Warhammer 40K Battle Report 10th Edition 2000pts,Army choice / list building; Battle report,1:38:22,https://www.youtube.com/watch?v=97RufM8r3s4,no
2026-07-04,StrikingScorpion82,TOP 5 NEW RULES For 11th Edition Warhammer 40K,Faction / unit guides,21:40,https://www.youtube.com/watch?v=0-diAQCRVps,yes
2026-07-04,StrikingScorpion82,Aeldari vs Imperium (Ultramarines Space Marines + Astra Militarum) Warhammer 40K Battle Report,Battle report,1:38:44,https://www.youtube.com/watch?v=4qVFneYaGpw,no
2026-07-03,The Glacial Geek,The Key To List Building in Warhammer 40K 11th Edition!,Army choice / list building,17:14,https://www.youtube.com/watch?v=6zaSeWXMS30,yes
2026-07-03,HivemindHobbies,5 tips for playing tyranids in 11th edition!!,Deployment / setup / terrain,19:26,https://www.youtube.com/watch?v=Isj5Q1-9LWc,yes
2026-07-03,SkaredCast,NEW40k - Recon Drukhari vs Space Marines Take and Hold - Warhammer 40000 Battle Report | Skaredcast,Army choice / list building; Battle report; Meta / competitive analysis,49:42,https://www.youtube.com/watch?v=U_k_IWVN6ek,no
2026-07-03,FirstTurnTactics,Reactive moves are Awesome! Weird Warhammer 40k 11th Rules Reveals and how to use them,Core rules / how to play; Phase tactics,,https://www.youtube.com/watch?v=s3HkjaPR1Vc,yes
2026-07-03,MiniWarGaming,THE KILLING BLOW | T'au vs Dark Angels Warhammer 40k 11th Edition Battle Report,Deployment / setup / terrain; Battle report,1:31:00,https://www.youtube.com/watch?v=Iwiyr9KvlFE,yes
2026-07-03,EonsOfBattle,I’ll Be Buying These New Warhammer Releases!,Deployment / setup / terrain,22:33,https://www.youtube.com/watch?v=s7A0cvElNKA,no
2026-07-03,StrikingScorpion82,Imperial Knights vs Imperial Fists Space Marines Warhammer 40K 11th Edition Battle Report 2000pts,Army choice / list building; Battle report,1:45:09,https://www.youtube.com/watch?v=BU7OpT3CaWA,yes
2026-07-02,Play On Tabletop,Ghazghkull vs Yarrick! Astra Militarum fight the Orks. Warhammer 40k in 40m,Battle report,39:10,https://www.youtube.com/watch?v=swpq-tumOp8,no
2026-07-02,Odyssey40k,How Rapid Ingress Will Win you Games in 11th Edition - Warhammer 40K,Missions / objectives / scoring; Phase tactics,22:34,https://www.youtube.com/watch?v=1uEKwV9ipwg,yes
2026-07-02,Highstakes 40K,Visibility and Line of Sight - A FULL Guide!,Deployment / setup / terrain,14:59,https://www.youtube.com/watch?v=j1Y50Sci9-Y,no
2026-07-02,Master Crafted,ATC 11th Edition Breakdown- Warhammer 40k - Master Crafted,Missions / objectives / scoring; Meta / competitive analysis,51:13,https://www.youtube.com/watch?v=3_2sMbpz260,yes
2026-07-02,Master Crafted,What's New in 11 Edition Teams? - Warhammer 40k - Master Crafted LIVE,Deployment / setup / terrain; Missions / objectives / scoring,,https://www.youtube.com/watch?v=cq40QaAut28,no
2026-07-02,Recon By Fire,Imperial Knights Disposition Deep Dive Recon,Missions / objectives / scoring; Meta / competitive analysis,48:29,https://www.youtube.com/watch?v=wVqZbtBIW3c,no
2026-07-02,40K Fireside,Best Armies to START 11th Edition with!,Army choice / list building; Meta / competitive analysis,1:58:21,https://www.youtube.com/watch?v=1C8M5ddrJX8,yes
2026-07-02,PNW 40K,5-0 Sweep at Warhammer 40K ATC,Battle report; Meta / competitive analysis,56:25,https://www.youtube.com/watch?v=AVrbf0ny-_0,no
2026-07-02,WednesdayNightWarhammer,Genestealer Cult Final Day vs Death Guard! : 11th edition battle report,Missions / objectives / scoring; Battle report,,https://www.youtube.com/watch?v=u_YW_B_DKbs,yes
2026-07-02,Planet 40K,3 Necron Monolith Builds You Need to Try!,Deployment / setup / terrain; Missions / objectives / scoring,15:11,https://www.youtube.com/watch?v=L6o6rkCgSsA,yes
2026-07-02,Two and a Half Wargamers,"Aledari vs Dark Angels / Warhammer 40,000 11th Edition Battle Report",Army choice / list building; Battle report,1:11:37,https://www.youtube.com/watch?v=1mfJm1NEgsU,yes
2026-07-02,Warp Friends,11th Edition Meta Stats Week of June 29th 2026 - Warhammer 40k Tournament Review,Faction / unit guides; Meta / competitive analysis,23:41,https://www.youtube.com/watch?v=NjxNTMYqPtI,yes
2026-07-02,Da Red Wunz Go Fasta!,"How to: Grow your Ork army post-Armageddon. Maximum points, units, and FUN for minimal money",Core rules / how to play; Army choice / list building,20:34,https://www.youtube.com/watch?v=v626d3T3-5o,no
2026-07-02,Baldur Wargaming,The best thing about #warhammer40k 11th Edition is…,Battle report,,https://www.youtube.com/watch?v=TClqsPVQgcs,yes
2026-07-01,Tabletop Tactics,11th Edition 40k The Age of Actions!?,Missions / objectives / scoring; Meta / competitive analysis,41:41,https://www.youtube.com/watch?v=o2uz227UpgM,yes
2026-07-01,Vanguard Tactics,Blood Angels Vs T'au Empire 11th Edition Warhammer 40K Battle Report,Battle report,,https://www.youtube.com/watch?v=pMCYVVq3m3g,yes
2026-07-01,Odyssey40k,Is Purge the Foe Breaking the META? - Skill Issue 41,Meta / competitive analysis,,https://www.youtube.com/watch?v=hwD5z4JwQG0,no
2026-07-01,HivemindHobbies,"Tyranid army list review show episode 14, 11th edition lists!",Army choice / list building,,https://www.youtube.com/watch?v=VJWHQHCuAsc,yes
2026-07-01,Deploy on the Line 40K,11th Edition Battle Report: Recon Drukhari vs Recon Tyranids - #warhammer40k,Deployment / setup / terrain; Battle report,3:00:58,https://www.youtube.com/watch?v=rZFd4s3BxZU,yes
2026-07-01,FirstTurnTactics,Maximize Pile In? Weird Warhammer 40k 11th Rules Reveals and how to use them,Core rules / how to play; Phase tactics,,https://www.youtube.com/watch?v=IrstVRooLnk,yes
2026-07-01,MiniWarGaming,KNIGHT FIGHT!!! | Imperial Knights vs Chaos Knights Warhammer 40k Battle Report EP 98,Deployment / setup / terrain; Missions / objectives / scoring; Battle report,1:01:53,https://www.youtube.com/watch?v=_vUvrQKA1Tk,no
2026-07-01,Baldur Wargaming,How to build the Green Stuff World 11th Edition folding terrain for #warhammer40k #terrain,Army choice / list building; Deployment / setup / terrain,,https://www.youtube.com/watch?v=326rtaG5kRk,yes
2026-07-01,Proxy Hammer,"Have Rangers Have Become the Best Aeldari Unit In 11th Edition??-""Their Damage Will Surprise You!!""",Faction / unit guides,30:34,https://www.youtube.com/watch?v=eQOlnEDr3dg,yes
2026-06-30,Play On Tabletop,"How to Play Warhammer 40,000. Basic Rules Overview and Demo Game",Core rules / how to play; Deployment / setup / terrain,1:20:30,https://www.youtube.com/watch?v=2n4LgZofvyw,no
2026-06-30,Play On Tabletop,"Learn to play the new Warhammer 40,000",Core rules / how to play,,https://www.youtube.com/watch?v=Z8xWAXJvl5U,no
2026-06-30,Poorhammer,"How to Play Warhammer 40,000 - A Noob's Guide",Core rules / how to play,1:05:00,https://www.youtube.com/watch?v=B-AK8M344TA,no
2026-06-30,Armstrong Hobbies,Best Warhammer 40k Army For New Players,Core rules / how to play,21:39,https://www.youtube.com/watch?v=GVcBqSZecg4,no
2026-06-30,SkaredCast,First 11th 40k Tournament With My Drukhari - Warhammer Recap | Skaredcast,Army choice / list building; Meta / competitive analysis,14:39,https://www.youtube.com/watch?v=Ig0NxUzsLBg,yes
2026-06-30,PNW 40K,This is Why You're Losing Before Turn 1,Army choice / list building; Deployment / setup / terrain; Missions / objectives / scoring; Meta / competitive analysis,21:31,https://www.youtube.com/watch?v=GwK-t0poAog,no
2026-06-30,Zeeto,Birmingham UKTC 2026 - Death Guard List Analysis,Meta / competitive analysis,29:56,https://www.youtube.com/watch?v=QCm_BMbx51M,yes
2026-06-29,Play On Tabletop,"130 players. 2 days. 1 awesome story! This is our Warhammer 40,000 narrative event",Missions / objectives / scoring; Meta / competitive analysis,10:36,https://www.youtube.com/watch?v=KALo4ItIa1I,no
2026-06-29,Odyssey40k,11th Edition FACTION Tier LIST    Warhammer 40K 11th Edition,Faction / unit guides; Meta / competitive analysis,43:09,https://www.youtube.com/watch?v=RqiRZ1fPMcc,yes
2026-06-29,Night Geist Gaming,Aeldari After the Update: What’s Still Worth Taking?,Missions / objectives / scoring,51:18,https://www.youtube.com/watch?v=JD5o-riMsdo,yes
2026-06-29,Basement Dwellers Tabletop,How to play Warhammer 40K 11th edition: the end of your turn,Core rules / how to play; Missions / objectives / scoring,8:22,https://www.youtube.com/watch?v=yaa_Ns_yf-k,yes
2026-06-29,PNW 40K,The Ultimate Death Guard Strategy vs Competitive Necrons,Battle report; Meta / competitive analysis,30:26,https://www.youtube.com/watch?v=ycW5l0xHp9s,no
2026-06-29,Maelstrom Gaming Studios - Tyranids,2000pt Lists for EACH Tyranid Detachment | Warhammer 40k 11th Ed,Army choice / list building; Battle report,36:16,https://www.youtube.com/watch?v=CS1Eq2fx5KM,yes
2026-06-28,Chaos Coterie,How to start Emperor's Children in Warhammer 40k 11th Edition,Core rules / how to play; Army choice / list building,19:08,https://www.youtube.com/watch?v=-vcXejZp0pg,yes
2026-06-28,Deploy on the Line 40K,How To Beat EVERY Disposition With Recon - Recon Vs Take And Hold | #warhammer40k  11th Edition,Deployment / setup / terrain; Battle report,40:41,https://www.youtube.com/watch?v=nYs5JltFE9M,yes
2026-06-28,Baldur Wargaming,Tyranids vs CSM | Baldur Wargaming vs Boltgun Tactics | RTT Teams Finale,Battle report; Meta / competitive analysis,,https://www.youtube.com/watch?v=oxzFSdNfEVQ,no
2026-06-28,WarGames Live,ATC 8 Player Warhammer 40k 🥳🚨11th EDITION 🚨🥳 Tournament Day 3,Meta / competitive analysis,,https://www.youtube.com/watch?v=HmmkCPxLwbU,yes
2026-06-28,WarGames Live,ATC 8 Player Warhammer 40k 🥳🚨11th EDITION 🚨🥳 Tournament Day 2,Meta / competitive analysis,,https://www.youtube.com/watch?v=IdXD3nC2HSI,yes
2026-06-27,Tabletop Tactics,**11TH EDITION!** Imperial Fists vs Black Legion | Warhammer 40k Battle Report,Battle report,59:57,https://www.youtube.com/watch?v=Gjd5ap7OO0A,yes
2026-06-27,Armstrong Hobbies,Every Chaos Faction explained for 11th,Core rules / how to play,14:03,https://www.youtube.com/watch?v=GvX2bMZ5zao,yes
2026-06-27,Basement Dwellers Tabletop,How to play Warhammer 40K 11th Edition: Fight Phase.,Core rules / how to play; Phase tactics,9:58,https://www.youtube.com/watch?v=mNMctDFABfM,yes
2026-06-26,PK's War Room,GW DMCA Tabletop Simulator... Again!,Meta / competitive analysis,12:18,https://www.youtube.com/watch?v=6ysl-fc82Os,yes
2026-06-26,Paul is bad at stuff,My FINAL 10th Edition 40k Tournament,Meta / competitive analysis,32:32,https://www.youtube.com/watch?v=buiu1qxMMyE,no
2026-06-26,Master Crafted,Master Crafted has arrived to the first team tournament of 11th edition! #warhammer40k #11thedition,Meta / competitive analysis,,https://www.youtube.com/watch?v=9Gjr3zX7yQ8,yes
2026-06-26,Brother Tobias,How to write a WH40k 11th Edition Army List! - Ultramarines - Reclamation + Fulguris,Army choice / list building; Missions / objectives / scoring,37:23,https://www.youtube.com/watch?v=naqmAN8wzyc,yes
2026-06-26,Into the Hive Mind,ATC (American Team Championship) Preview of the top teams and their lists,Battle report; Meta / competitive analysis,48:22,https://www.youtube.com/watch?v=TOU6ipl90lo,yes
2026-06-26,HivemindHobbies,How to Start Tyranids in 11th edition.,Army choice / list building; Deployment / setup / terrain,21:48,https://www.youtube.com/watch?v=BOxRgKVvszE,yes
2026-06-26,Basement Dwellers Tabletop,How to play Warhammer 40K 11th edition: Charge! Phase,Core rules / how to play; Phase tactics,13:46,https://www.youtube.com/watch?v=7pg4zfIxD8k,yes
2026-06-26,SkaredCast,Recon Drukhari vs Purge the Foe Deamons of Chaos Warhammer 40k Battle Report | Skaredcast,Battle report,47:38,https://www.youtube.com/watch?v=_LH1_M7-cMQ,no
2026-06-26,MiniWarGaming,Bugs Be Hungry - Tyranids vs Raven Guard - 11th ed Warhammer 40k Battle Report,Deployment / setup / terrain; Battle report,1:37:33,https://www.youtube.com/watch?v=NJ8z9GV1zVM,yes
2026-06-26,Da Red Wunz Go Fasta!,Everything you need to know about collecting ORKS from the big summer reveal show for Warhammer 40K,Core rules / how to play,25:51,https://www.youtube.com/watch?v=8AcbtscE9LI,no
2026-06-26,Tabletop Gaming Alliance,Nachrücken in Warhammer 40K kurz erklärt,Core rules / how to play,,https://www.youtube.com/watch?v=cqHMa1GDun8,no
2026-06-26,rootstem gaming,How to use the Dominatus deck and what I think of it.,Army choice / list building,23:11,https://www.youtube.com/watch?v=fNmkX17ji78,no
2026-06-26,WarGames Live,ATC 8 Player Warhammer 40k 🥳🚨11th EDITION 🚨🥳 Tournament Day 1,Meta / competitive analysis,9:48:42,https://www.youtube.com/watch?v=XaWjk2-YpdI,yes
2026-06-25,Master Crafted,11th Edition Tier List Warhammer 40k - Master Crafted LIVE,Deployment / setup / terrain; Missions / objectives / scoring; Faction / unit guides; Meta / competitive analysis,,https://www.youtube.com/watch?v=msZD3rfRGSI,yes
2026-06-25,Armstrong Hobbies,First Tournament Results of 11th Edition Warhammer 40k 11th Edition,Core rules / how to play; Meta / competitive analysis,8:26,https://www.youtube.com/watch?v=0sIDKfos3qc,yes
2026-06-25,40K Fireside,The first BIG 11th edition event!,Meta / competitive analysis,28:09,https://www.youtube.com/watch?v=EMYQAIfPTmg,yes
2026-06-25,vf.miniatures,Top 5 Biggest Space Marine Winners From the NEW 11th Edition Points | Warhammer 40K Tactics,Army choice / list building; Missions / objectives / scoring; Faction / unit guides,27:49,https://www.youtube.com/watch?v=1ip72L8e91Y,yes
2026-06-25,Warp Friends,First Look at 11th Edition Meta Stats - Warhammer 40k Tournament Review,Faction / unit guides; Meta / competitive analysis,10:33,https://www.youtube.com/watch?v=xFNJJRUBGyY,yes
2026-06-25,Zeeto,Death Guard Vs Salamander's 11th Edition - Live TTS Battle - Contagion Unleashed,Phase tactics; Battle report,,https://www.youtube.com/watch?v=zqdxeg_y1o8,yes
2026-06-25,Proxy Hammer,"The ULTIMATE 11th Edition Aeldari Codex Tier List!!-""We Are Eating Well Now My Asur!""",Faction / unit guides; Meta / competitive analysis,2:18:19,https://www.youtube.com/watch?v=rMj3Q8mkXJw,yes
2026-06-24,Paul is bad at stuff,11th Edition List Building w/ @TacticalRock40K,Army choice / list building,2:31:20,https://www.youtube.com/watch?v=0gFHcuiC0Ug,yes
2026-06-24,Chaos Coterie,I’m going to play every 40k Chaos army at a tournament - Call to Chaos Episode I,Meta / competitive analysis,8:30,https://www.youtube.com/watch?v=OXtmOpqX82w,no
2026-06-24,PNW 40K,Necron Detachments Ranked - 11th Edition Meta,Meta / competitive analysis,18:31,https://www.youtube.com/watch?v=Ae0J_lg5Phg,yes
2026-06-24,MiniWarGaming,3-Player Matched Play FFA??? | Dark Angels v White Scars v Orkz Warhammer 40k Battle Report EP 97,Army choice / list building; Deployment / setup / terrain; Missions / objectives / scoring; Battle report,1:27:01,https://www.youtube.com/watch?v=kUB0-5QoZhc,no
2026-06-23,Play On Tabletop,Chaos Knights vs Tyranid threat! Warhammer 40k in 40 minutes-ish 11th Edition,Battle report,38:58,https://www.youtube.com/watch?v=7taK-7aRUms,yes
2026-06-23,Brother Tobias,Space Marine reviews the - Warhammer 40.000 EVENT COMPANION -,Deployment / setup / terrain; Meta / competitive analysis,48:54,https://www.youtube.com/watch?v=_VvRJSaG6Zw,no
2026-06-23,HivemindHobbies,"Tyranid army list review show episode 13, 11th edition lists!",Army choice / list building,,https://www.youtube.com/watch?v=fYclIZBxnXk,yes
2026-06-23,Basement Dwellers Tabletop,How to play 11th edition: movement phase,Core rules / how to play; Phase tactics,14:18,https://www.youtube.com/watch?v=HxrDNOj4oj0,yes
2026-06-23,PNW 40K,The Secondary Objectives Guide Every 40k Player Needs,Army choice / list building; Missions / objectives / scoring; Meta / competitive analysis,18:15,https://www.youtube.com/watch?v=V0WgQQHeOqA,yes
2026-06-23,PNW 40K,This Ork Strategy SHOCKS the Necron Player,Phase tactics; Battle report; Meta / competitive analysis,28:24,https://www.youtube.com/watch?v=6xk20Pl-oWc,no
2026-06-23,Baldur Wargaming,How to use overrun to steal objectives in #warhammer40k #11thedition,Missions / objectives / scoring; Phase tactics,,https://www.youtube.com/watch?v=2kEwf_ZFxVo,yes
2026-06-22,Basement Dwellers Tabletop,How to play Warhammer 40k: the command phase,Core rules / how to play; Phase tactics,10:19,https://www.youtube.com/watch?v=iiepI9Ebiqk,no
2026-06-22,Maelstrom Gaming Studios - Tyranids,1000pt Lists for EACH Tyranid Detachment | Warhammer 40k 11th Ed,Army choice / list building; Battle report,26:58,https://www.youtube.com/watch?v=vf4nnM9_WFI,yes
2026-06-22,MiniWarGaming,Slaughter amongst the Spires | Deathwatch vs Orks Warhammer 40k 11th Edition Battle Report,Deployment / setup / terrain; Battle report,58:06,https://www.youtube.com/watch?v=ir4M4piaESc,yes
2026-06-21,Master Crafted,CSM Faction Focus 11th Edition- Warhammer 40k - Master Crafted,Army choice / list building; Missions / objectives / scoring; Faction / unit guides,48:09,https://www.youtube.com/watch?v=WoXKm7_GUTk,yes
2026-06-21,HivemindHobbies,11th edition Tyranid tier list! Are Norns on top now?,Deployment / setup / terrain; Faction / unit guides; Meta / competitive analysis,1:04:51,https://www.youtube.com/watch?v=k9PNr8x3-7k,yes
2026-06-21,Two and a Half Wargamers,"Orks vs Blood Angels / Warhammer 40,000 - 11th Edition Battle Report",Battle report,1:33:06,https://www.youtube.com/watch?v=dUfOF0E3FQk,yes
2026-06-21,Baldur Wargaming,"Death Watch VS Tyranids - 11th Edition Warhammer 40,000 Battle Report",Deployment / setup / terrain; Battle report; Meta / competitive analysis,36:54,https://www.youtube.com/watch?v=rdfFZSo1a8A,yes
2026-06-21,rootstem gaming,11th edition Warhammer 40K with 2nd edition style. #warhammer40k #3dprintedterrain #11thedition,Deployment / setup / terrain,,https://www.youtube.com/watch?v=v3SCyu6CY9w,yes
2026-06-20,Tabletop Tactics,**11TH EDITION!** Thousand Sons vs Ulthwe Aeldari | Warhammer 40k Battle Report,Battle report,1:09:37,https://www.youtube.com/watch?v=d6GfzB9LcIY,yes
2026-06-20,Revenn's HandiCrafts,An Idiots Guide To Playing Warhammer 40k 11th Edition,Core rules / how to play,18:23,https://www.youtube.com/watch?v=PCC4-5ImnYU,yes
2026-06-20,Armstrong Hobbies,Space Marines Explained for Warhammer 40k 11th Edition,Core rules / how to play,10:35,https://www.youtube.com/watch?v=X3jH6UU_T38,yes
2026-06-20,WednesdayNightWarhammer,Ad Mech vs Necrons : 11th edition battle report,Missions / objectives / scoring; Battle report,,https://www.youtube.com/watch?v=dwJoVDUmfKw,yes
2026-06-20,WednesdayNightWarhammer,Tyranids vs Orks : 11th edition battle report,Missions / objectives / scoring; Battle report,,https://www.youtube.com/watch?v=DpQr_BX4PNI,yes
2026-06-19,PK's War Room,Imperial Guard just got Nerfed HARD,Meta / competitive analysis,,https://www.youtube.com/watch?v=4oMPboVuqvI,no
2026-06-19,The Tabletop Alliance 40K,"How To Play Warhammer 40,000! (11th Edition) - Complete Beginners Guide",Core rules / how to play,36:12,https://www.youtube.com/watch?v=6hZhX3788Ls,yes
2026-06-19,HivemindHobbies,"Tyranid army list review show episode 12, 11th edition lists!",Army choice / list building,,https://www.youtube.com/watch?v=ILDtWCTx0TY,yes
2026-06-19,SkaredCast,NEW 40k - Drukhari Recon vs Space Wolves Take and Hold - Warhammer 40000 Battle Report | Skaredcast,Battle report,53:20,https://www.youtube.com/watch?v=hq1HG3M2JdE,no
2026-06-19,vf.miniatures,11th Edition Movement Phase Explained: The Biggest Changes You Need to Know | Warhammer 40K Tactics,Missions / objectives / scoring; Phase tactics,26:18,https://www.youtube.com/watch?v=PUtRbEVCnVg,yes
2026-06-19,Warp Friends,Faction Focus For Every Armies 10th Meta Stats - Warhammer 40k,Faction / unit guides; Meta / competitive analysis,1:17:50,https://www.youtube.com/watch?v=2k-iiaMhg1Y,yes
2026-06-18,PK's War Room,This Sucks For New Warhammer Players,Core rules / how to play,10:04,https://www.youtube.com/watch?v=K7K_Fn52_Wk,yes
2026-06-18,Brother Tobias,Space Marine reviews Chapter Approved 2026 - Warhammer 40.000,Missions / objectives / scoring,1:25:47,https://www.youtube.com/watch?v=84si1dh2mbw,no
2026-06-18,Brother Tobias,Space Marine reviews the Space Marine Faction Pack - Warhammer 40.000,Core rules / how to play; Faction / unit guides,41:42,https://www.youtube.com/watch?v=ZZYL6qwhcbQ,no
2026-06-18,Night Geist Gaming,"Aeldari 11th Edition MFM — Wind Riders Cracked, Harlequins NERFED",Meta / competitive analysis,1:10:54,https://www.youtube.com/watch?v=IghCgRRCeGs,yes
2026-06-18,WednesdayNightWarhammer,Tau vs Dark Angels : 11th edition battle report,Missions / objectives / scoring; Battle report,,https://www.youtube.com/watch?v=SQBy80sKo8Q,yes
2026-06-18,Zeeto,Death Guard Vs Ravenwing 11th Edition - Live TTS Battle New MFM,Battle report,,https://www.youtube.com/watch?v=JBdsHezeg3k,yes
2026-06-17,Tabletop Tactics,How To Play Warhammer 40k 11th Edition,Core rules / how to play; Deployment / setup / terrain; Phase tactics; Faction / unit guides,24:12,https://www.youtube.com/watch?v=DF7f04a_MUk,yes
2026-06-17,Vanguard Tactics,Drukhari Vs Leagues of Votann 11th Edition Warhammer 40K Battle Report,Battle report,,https://www.youtube.com/watch?v=d2h6-hFdLD0,yes
2026-06-17,Vanguard Tactics,What is the New Meta? Warhammer 40k 11th Edition Points Review!,Army choice / list building; Meta / competitive analysis,2:00:00,https://www.youtube.com/watch?v=wnSp_OtI-F0,yes
2026-06-17,PK's War Room,It's An Ork Stompa Meta Now!,Meta / competitive analysis,,https://www.youtube.com/watch?v=0TX_dUosiPg,no
2026-06-17,Maelstrom Gaming Studios - Tyranids,Tyranid Point Updates for 11th Edition | Warhammer 40k 11th Ed,Battle report,19:25,https://www.youtube.com/watch?v=7pDfpB5Is_w,yes
2026-06-17,Sprues & Brews,Warhammer 40k App Updated for 11th Edition! | Checking out the New Battle Tracker & Points Updates,Army choice / list building; Missions / objectives / scoring,4:39,https://www.youtube.com/watch?v=b3r2odZ95do,yes
2026-06-16,SkaredCast,Was Challenged to Take a Silly List to a 40k GT - So I Podiumed,Meta / competitive analysis,16:45,https://www.youtube.com/watch?v=tLz-uvwzFD0,no
2026-06-16,SkaredCast,New40k - LIVESTREAM - Warhammer 40k -  Skaredcast,Missions / objectives / scoring,,https://www.youtube.com/watch?v=DgMqVylz-ek,no
2026-06-15,Vanguard Tactics,Chaos Knights in 11th Edition: The Competitive Breakdown,Meta / competitive analysis,16:30,https://www.youtube.com/watch?v=LIpcoumRiaM,yes
2026-06-15,Vanguard Tactics,T'au Empire in 11th Edition: The Competitive Breakdown,Meta / competitive analysis,28:44,https://www.youtube.com/watch?v=KNPOm85uuVA,yes
2026-06-15,Vanguard Tactics,Leagues of Votann in 11th Edition: The Competitive Breakdown,Meta / competitive analysis,26:52,https://www.youtube.com/watch?v=qBWc_O60Sr0,yes
2026-06-15,WednesdayNightWarhammer,Tyranids vs Chaos Knights 11th edition battle report,Core rules / how to play; Missions / objectives / scoring; Battle report,,https://www.youtube.com/watch?v=JTA15L-MM8k,yes
2026-06-15,vf.miniatures,The 5 BEST Space Marine 11th Edition Detachment Combos Revealed So Far | Warhammer 40K Tactics,Missions / objectives / scoring,29:59,https://www.youtube.com/watch?v=ha7HEJrdI1s,yes
2026-06-15,Maelstrom Gaming Studios - Tyranids,BEST Tyranid Lists of 10th Edition | Warhammer 40k 10th Ed,Battle report,15:23,https://www.youtube.com/watch?v=lnlDwJqNjRw,no
2026-06-15,Zeeto,Death Guard Vs Death Guard 11th Edition - Live TTS Battle Featuring Don Hooson,Battle report,,https://www.youtube.com/watch?v=vsVCD2uGSlg,yes
2026-06-14,Zeeto,11th Edition Death Guard Characters - Are they good now?,Core rules / how to play,29:26,https://www.youtube.com/watch?v=lL7_JDnEIEQ,yes
2026-06-14,WarGames Live,FLG Atlantic City Open Warhammer 40k Tournament Day 3 (My last of 10th edition!),Meta / competitive analysis,,https://www.youtube.com/watch?v=PJ1ce1yGArs,no
2026-06-14,WarGames Live,FLG Atlantic City Open Warhammer 40k Tournament Day 2 (My last of 10th edition!),Meta / competitive analysis,,https://www.youtube.com/watch?v=9NmMLtP6e3M,no
2026-06-14,Tabletop Nexus,The biggest mistake Warhammer 40k players make #warhammer40k #tabletopgaming,Deployment / setup / terrain; Missions / objectives / scoring,,https://www.youtube.com/watch?v=Jm6wbzB80-0,no
2026-06-14,Tau Tactics,What I've learned from in my first 11th games!,Missions / objectives / scoring; Battle report,41:06,https://www.youtube.com/watch?v=FHAaaxkT5Ik,yes
2026-06-13,Tabletop Tactics,**11TH EDITION!** Black Templars vs Emperor's Children | Warhammer 40k Battle Report,Battle report,1:02:13,https://www.youtube.com/watch?v=sJI8-RDufcU,yes
2026-06-13,Armstrong Hobbies,Armies of the Imperium Explained for Warhammer 40k 11th Edition,Core rules / how to play,12:08,https://www.youtube.com/watch?v=WdrgUnal-0k,yes
2026-06-13,Tabletop Nexus,How to Destroy Tanks Easily in Warhammer #warhammer40k #spacemarines #wargaming,Army choice / list building; Deployment / setup / terrain; Meta / competitive analysis,,https://www.youtube.com/watch?v=wUZ7qNnT2ss,no
2026-06-13,Sprues & Brews,Warhammer 40k Armageddon Box 11th Edition Battle Report,Battle report,49:15,https://www.youtube.com/watch?v=6fn6t8KHXH8,yes
2026-06-12,Zeeto,Death Guard Vs Orks 40k 11th Edition - Live TTS Battle - Contagion Unleashed,Battle report,,https://www.youtube.com/watch?v=_1b3ACxXhMo,yes
2026-06-12,WarGames Live,FLG Atlantic City Open Warhammer 40k Tournament Day 1 (My last of 10th edition!),Meta / competitive analysis,,https://www.youtube.com/watch?v=vFSuH1HFAPI,no
2026-06-12,Tabletop Nexus,"How to Build Your First 1,000 Point Warhammer 40K Army",Army choice / list building; Missions / objectives / scoring,13:44,https://www.youtube.com/watch?v=mArkTbdkcjI,no
2026-06-11,WednesdayNightWarhammer,"Tyranids Vs Thousand Sons ""11th Edition"" Battle Report!",Core rules / how to play; Missions / objectives / scoring; Battle report,,https://www.youtube.com/watch?v=9PtET-XqxPU,yes
2026-06-11,Zeeto,Death Guard Vs White Scars 40k 11th Edition - Live TTS Battle - Contagion Unleashed,Battle report,,https://www.youtube.com/watch?v=Y07VXu84ZV8,yes
2026-06-10,Warp Friends,40k 10th Edition Meta Review - Warhammer 40k Tournament Stats,Faction / unit guides; Meta / competitive analysis,24:01,https://www.youtube.com/watch?v=ybf1s5kywIU,no
2026-06-10,Tabletop Battles,11 Biggest Changes in 11th Edition 40k - Overwatch,Phase tactics,,https://www.youtube.com/watch?v=bknnN-3v8N4,yes
2026-06-09,Maelstrom Gaming Studios - Tyranids,Tyranid Faction Pack for 11th Edition | Warhammer 40k 10th Ed,Battle report,12:31,https://www.youtube.com/watch?v=2qvagQ5Mp4w,yes
2026-06-09,Tabletop Nexus,How to build a Warhammer army on a budget #warhammer40k #miniatures,Army choice / list building,,https://www.youtube.com/watch?v=HFwIpndsCuc,no
2026-06-08,PK's War Room,"Strict WYSIWYG Ruins Warhammer 40,000",Army choice / list building; Deployment / setup / terrain,9:26,https://www.youtube.com/watch?v=Na7ZiODjURw,no
2026-06-07,Tabletop Battles,11 Biggest Changes in 11th Edition 40k - The Fight Phase,Phase tactics,,https://www.youtube.com/watch?v=fkIlW-QhdYU,yes
2026-06-06,The Tabletop Alliance 40K,Building ALL of Armageddon & Chatting 11th Edition,Deployment / setup / terrain; Missions / objectives / scoring,,https://www.youtube.com/watch?v=_2njHZrqrG4,yes
2026-06-06,Armstrong Hobbies,Goals For Warhammer 40k 11th Edition,Core rules / how to play,15:42,https://www.youtube.com/watch?v=YWkmXKA4zAY,yes
2026-06-05,The Tabletop Alliance 40K,Well Competitive 40K is Very Hard 😳 | My First GT | Bristol GT,Meta / competitive analysis,21:06,https://www.youtube.com/watch?v=Pqo5SenQodk,no
2026-06-05,Night Geist Gaming,11th Edition REMATCH: Aeldari vs Adeptus Mechanicus | Liam vs Richard Siegler Battle Report,Deployment / setup / terrain; Missions / objectives / scoring; Battle report,26:40,https://www.youtube.com/watch?v=PY0qUa9Qano,yes
2026-06-05,Tabletop Battles,11 Biggest Changes in 11th Edition 40k - Missions,Missions / objectives / scoring,,https://www.youtube.com/watch?v=rtBPi6bJaMw,yes
2026-06-05,Tabletop Nexus,Space Marines vs. Orks: Learning Two Warhammer Styles,Battle report,,https://www.youtube.com/watch?v=A9DPSU_0hkY,no
2026-06-04,Tabletop Tactics,**NEW EDITION!** Warhammer 40k Armageddon Rules Review!,Meta / competitive analysis,36:37,https://www.youtube.com/watch?v=axY54_atQ9A,yes
2026-06-04,Tabletop Tactics,"11th Edition Drukhari, Thousand Sons and Genestealer Cults Faction Focus",Faction / unit guides,48:52,https://www.youtube.com/watch?v=hNpdyWNKdOU,yes
2026-06-04,Tabletop Tactics,"11th Edition Knights, Emperor's Children and Grey Knights Faction Focus",Faction / unit guides,59:20,https://www.youtube.com/watch?v=iqtUJbpINgI,yes
2026-06-04,Tabletop Tactics,"11th Edition World Eaters, T'au Empire, Adeptus Custodes and Death Guard Faction Focus",Faction / unit guides,1:09:02,https://www.youtube.com/watch?v=VB7MGz9lWX8,yes
2026-06-04,Tabletop Tactics,Deathwatch vs Necrons | Warhammer 40k Battle Report,Battle report,57:51,https://www.youtube.com/watch?v=NlmPqkiruwo,no
2026-06-04,Tabletop Tactics,"11th Edition Orks, Astra Militarum, Tyranids and Adepta Sororitas Faction Focus",Faction / unit guides,52:23,https://www.youtube.com/watch?v=iuX9VFcMNX0,yes
2026-06-04,Tabletop Tactics,11th Edition Chaos Space Marines & Chaos Daemons Faction Focus,Faction / unit guides,29:10,https://www.youtube.com/watch?v=uGteTq9V6Ww,yes
2026-06-04,Tabletop Tactics,Raven Guard vs Night Lords | Warhammer 40k Battle Report,Battle report,59:33,https://www.youtube.com/watch?v=7dCNvxuJrG4,no
2026-06-04,Tabletop Tactics,11th Edition Space Marines Faction Focus | Are The Rules Actually GOOD?!,Faction / unit guides,43:49,https://www.youtube.com/watch?v=fDWAKnEm4Dw,yes
2026-06-04,Tabletop Tactics,11th Edition Rules Revealed! What Does This ACTUALLY Mean For 40k?!,Meta / competitive analysis,51:32,https://www.youtube.com/watch?v=6x173bY6Mbw,yes
2026-06-04,Art of War 40k,How Terrain Works in 11th Edition Warhammer 40k,Deployment / setup / terrain,4:41,https://www.youtube.com/watch?v=Zx7h7GFvkrc,yes
2026-06-04,Art of War 40k,The Secret to Playing Your Mission in 11th Edition 40k,Missions / objectives / scoring,9:10,https://www.youtube.com/watch?v=U0VGiaJjw68,yes
2026-06-04,Art of War 40k,"The Playstyle of Every Army in Warhammer 40,000",Army choice / list building,1:21:35,https://www.youtube.com/watch?v=hcEmapA5uHk,no
2026-06-04,Art of War 40k,The Ultimate Guide to Playing Warhammer 40k 11th Edition,Core rules / how to play,59:44,https://www.youtube.com/watch?v=SThvY6P5Ur8,yes
2026-06-04,Art of War 40k,Starcraft TMG Battle Report Protoss vs Zerg,Battle report,2:00:44,https://www.youtube.com/watch?v=XC_eZLyT_mA,no
2026-06-04,Art of War 40k,Starcraft TMG Battle Report Protoss vs Terran,Battle report,2:53:45,https://www.youtube.com/watch?v=HqJjQH0k_Ro,no
2026-06-04,Art of War 40k,Ranking the Top 5 Armies in Warhammer 40k,Faction / unit guides,29:41,https://www.youtube.com/watch?v=Ub-w-XVMIQ4,no
2026-06-04,Art of War 40k,I took Angron To Canada's Largest Tournament,Meta / competitive analysis,34:02,https://www.youtube.com/watch?v=SqSvFNoZBzE,no
2026-06-04,Art of War 40k,Top Table Breakdown - Chaos Space Marines vs Agents of the Imperium (Adepticon Semi-Finals),Battle report; Meta / competitive analysis,42:36,https://www.youtube.com/watch?v=2u1RFq8MLHg,no
2026-06-04,Vanguard Tactics,In-depth Deep Dive into the Mission Deck for Warhammer 40k 11th Edition,Missions / objectives / scoring,33:22,https://www.youtube.com/watch?v=KwtGJZOi3Qs,yes
2026-06-04,Vanguard Tactics,How To Play Warhammer 40K 11th Edition | Full Beginner's Guide,Core rules / how to play,59:54,https://www.youtube.com/watch?v=68dvgCISGfk,yes
2026-06-04,Vanguard Tactics,Chaos Space Marines Vs Aeldari Final 10th Edition Warhammer 40K Battle Report!,Battle report,1:12:39,https://www.youtube.com/watch?v=xLSICBpUG68,no
2026-06-04,Happy Krumping,The 5 Levels of Competitive 40k Players,Meta / competitive analysis,18:52,https://www.youtube.com/watch?v=k1VUaRpnplo,no
2026-06-04,Happy Krumping,PERFECT deployment advice.  Make your weakness your greatest strength in 40k!,Deployment / setup / terrain,17:17,https://www.youtube.com/watch?v=kN1o3f4A9J4,no
2026-06-04,PK's War Room,This Was Miserable,Meta / competitive analysis,23:28,https://www.youtube.com/watch?v=EIW6t9c5Q_Y,no
2026-06-04,The Tabletop Alliance 40K,Are Big 40K Events Only for Meta Chasers & Top Players? | Bolters & Bad Dice #7,Meta / competitive analysis,47:22,https://www.youtube.com/watch?v=XvADqVbngjM,no
2026-06-04,The Tabletop Alliance 40K,I Lost The Plot At A 40k Tournament!,Meta / competitive analysis,20:10,https://www.youtube.com/watch?v=wt5m993Yhmg,no
2026-06-04,"Warhammer 40,000 and Warhammer","#New40k Core Rules – What's Changed? | Warhammer 40,000",Core rules / how to play; Missions / objectives / scoring,4:50,https://www.youtube.com/watch?v=-dp2czvve4Y,no
2026-06-04,Highstakes 40K,11th Edition Terrain Explained,Deployment / setup / terrain; Battle report; Meta / competitive analysis,10:31,https://www.youtube.com/watch?v=R4M_u2LBetg,yes
2026-06-04,6 Plus Plus Gaming,Analysing the 11th Edition Drukhari Faction Focus,Faction / unit guides,16:55,https://www.youtube.com/watch?v=3mIkYSj5W_Y,yes
2026-06-04,6 Plus Plus Gaming,"Unlike Magnus, I Did Everything Wrong: A 40k Tournament Report | The Silver Tower",Meta / competitive analysis,50:23,https://www.youtube.com/watch?v=GYJR9R9Fy_M,no
2026-06-04,Brother Tobias,Space Marine reviews the NEW CORE RULES - Warhammer 40.000,Core rules / how to play,2:03:29,https://www.youtube.com/watch?v=7xXeuXgnlA8,yes
2026-06-04,Warpbane Tactics,Took Grey Knights To A GT… And Got Punished,Meta / competitive analysis,30:57,https://www.youtube.com/watch?v=VKaa_eMfQyE,no
2026-06-04,Warpbane Tactics,Grey Knights Are FINALLY Back? | 11th Edition Faction Focus,Faction / unit guides,15:49,https://www.youtube.com/watch?v=d2GeHnLxsAI,yes
2026-06-04,Warpbane Tactics,The Best Army Rule In 40K? | Grey Knights Basics,Core rules / how to play; Army choice / list building,7:50,https://www.youtube.com/watch?v=Dnl6A4Ac9uQ,no
2026-06-04,Warpbane Tactics,Grey Knights Just Got Their Psychic Power Back?,Phase tactics,9:41,https://www.youtube.com/watch?v=5i5otWyQM3w,no
2026-06-04,Warpbane Tactics,Can THIS Grey Knights List Win a GT?,Meta / competitive analysis,11:35,https://www.youtube.com/watch?v=-TvU6OsYWXk,no
2026-06-04,Warpbane Tactics,11th Edition Terrain Could Change Grey Knights,Deployment / setup / terrain,15:18,https://www.youtube.com/watch?v=6Ty1Ns-WLj4,yes
2026-06-04,Chaos Coterie,Why Defilers Dominate(d) Warhammer 40k,Meta / competitive analysis,16:47,https://www.youtube.com/watch?v=lvU1xnOczD8,no
2026-06-04,Chaos Coterie,Time to spam Daemonettes! - Emperor’s Children Carnival of Excess Detachment Focus,Army choice / list building,29:01,https://www.youtube.com/watch?v=NlhOc3sWGr0,no
2026-06-04,Night Geist Gaming,I Built a Warhammer 40K App to Analyze Army Lists | Culling Cogitator Reveal,Army choice / list building,2:32,https://www.youtube.com/watch?v=vyMF4g1m3-8,no
2026-06-04,Into the Hive Mind,11th Edition Tier List! (All 52 Tyranid Datasheets),Faction / unit guides; Meta / competitive analysis,2:08:21,https://www.youtube.com/watch?v=zuoYTqZirpw,yes
2026-06-04,Into the Hive Mind,Battle Report! Rocky Mountain Open Round 6 (Tyranids Invasion Fleet vs. Needgaard Votann),Battle report,48:06,https://www.youtube.com/watch?v=bDc8GuzxYKM,no
2026-06-04,Into the Hive Mind,Battle Report! Rocky Mountain Open Round 5 (Tyranids Invasion Fleet vs. Scintillating Legion),Battle report,48:06,https://www.youtube.com/watch?v=5hyCQHlNbr8,no
2026-06-04,Into the Hive Mind,Battle Report! Rocky Mountain Open Round 4 (Tyranids Invasion Fleet vs. Necron Starshatter),Battle report,47:56,https://www.youtube.com/watch?v=lJN0phDBWgg,no
2026-06-04,Into the Hive Mind,Battle Report! Rocky Mountain Open Round 3 (Tyranids Invasion Fleet vs. Votann Hearthguard),Battle report,53:21,https://www.youtube.com/watch?v=ySn3GRRapcg,no
2026-06-04,Into the Hive Mind,Battle Report! Rocky Mountain Open Round 2 (Tyranids Invasion Fleet vs. Death Guard Hammer),Battle report,30:33,https://www.youtube.com/watch?v=dOcgLRyquGM,no
2026-06-04,Into the Hive Mind,Battle Report! Rocky Mountain Open Round 1 (Tyranids Invasion Fleet vs. Salamanders Forgefather's),Battle report,32:45,https://www.youtube.com/watch?v=HO7zjfishpk,no
2026-06-04,HivemindHobbies,Brain Bugs Buffed in 11th Edition!!,Meta / competitive analysis,6:55,https://www.youtube.com/watch?v=zAWfa7sCOq0,yes
2026-06-04,HivemindHobbies,Tyranids buffed by new battleshock changes!,Phase tactics; Meta / competitive analysis,13:18,https://www.youtube.com/watch?v=GYSrAdtlvJs,no
2026-06-04,Armstrong Hobbies,Adeptus Custodes Faction Focus for Warhammer 40k 11th Edition,Faction / unit guides,9:43,https://www.youtube.com/watch?v=Oc7pv_bSDeU,yes
2026-06-04,Armstrong Hobbies,Necrons Faction Focus for Warhammer 40k 11th Edition,Faction / unit guides,12:59,https://www.youtube.com/watch?v=PcUv7EKRMfU,yes
2026-06-04,Armstrong Hobbies,Tyranids Faction Focus for for Warhammer 40k 11th Edition,Faction / unit guides,9:53,https://www.youtube.com/watch?v=ltNE8TjU9XQ,yes
2026-06-04,Armstrong Hobbies,Top 10 40k Models of 10th Edition,Faction / unit guides,11:42,https://www.youtube.com/watch?v=FRXATGd_a4E,no
2026-06-04,Armstrong Hobbies,How to build a Necron Army For 11th Edition,Army choice / list building,6:06,https://www.youtube.com/watch?v=2JvQvOEr9tA,yes
2026-06-04,Recon By Fire,Chaos Knights vs Space Wolves #warhammer40k  #battlereport,Battle report,21:21,https://www.youtube.com/watch?v=fHNvcUAxBv4,no
2026-06-04,Recon By Fire,Imperial Knights Vs Space Wolves #warhammer40k #battlereport,Battle report,16:33,https://www.youtube.com/watch?v=EUgshNrjCes,no
2026-06-04,Recon By Fire,Imperial Knights 3-0 RTT Tournament Report #warhammer40k #freeblade,Meta / competitive analysis,52:51,https://www.youtube.com/watch?v=YBkxrk-Mot8,no
2026-06-04,Recon By Fire,Grey Knights Faction Focus Review,Faction / unit guides,20:00,https://www.youtube.com/watch?v=UWsN9NsJaqQ,no
2026-06-04,Recon By Fire,Chaos Knight & Imperial Knight 11th Faction Focus Review,Faction / unit guides,34:37,https://www.youtube.com/watch?v=J2cia_7JeZI,yes
2026-06-04,Exalted40k,Get ready for 11th edition with these FREE terrain footprints! DOWNLOAD at www.exalted40k.com,Deployment / setup / terrain,1:54,https://www.youtube.com/watch?v=gbc-gy5iRh8,yes
2026-06-04,Exalted40k,TOP RANKED World Eaters Player achieves 80% win rate with Vessels and a LORD OF SKULLS!,Meta / competitive analysis,1:07:29,https://www.youtube.com/watch?v=7lKxDzdEaFw,no
2026-06-04,Deploy on the Line 40K,How to Play Huron's Maurders Part 2 - Deployment and Early Movement,Core rules / how to play; Deployment / setup / terrain,1:10:34,https://www.youtube.com/watch?v=YDXbaceXaqc,no
2026-06-04,Deploy on the Line 40K,30 World Eater Terminators Might Be Back?! | World Eaters Faction Focus,Faction / unit guides,49:37,https://www.youtube.com/watch?v=e_4Agd9WyL4,no
2026-06-04,Deploy on the Line 40K,These Chaos Space Marine Detachments Are Pretty Spicy | CSM Faction Focus,Faction / unit guides,46:58,https://www.youtube.com/watch?v=Dgv4zPgspPc,no
2026-06-04,40K Fireside,Undervalued rules changes for 11th,Core rules / how to play,12:46,https://www.youtube.com/watch?v=I6YhJ3uFouU,yes
2026-06-04,40K Fireside,Win on Any Warhammer 40K Terrain Map | Fireside 40K,Deployment / setup / terrain,33:21,https://www.youtube.com/watch?v=r2SeoaRZJss,no
2026-06-04,SkaredCast,Space Wolves vs Black Templars Warhammer 40k Narrative Battle Report | Skaredcast,Battle report,24:40,https://www.youtube.com/watch?v=BvPdObwO_kc,no
2026-06-04,SkaredCast,Not 11th Edition? - Tyranids vs Drukhari 40k Battle Report | Skaredcast,Battle report,57:15,https://www.youtube.com/watch?v=Nds2HNpV010,yes
2026-06-04,SkaredCast,"Tip of the Spear, Blood of the Brother : Warhammer 40k Battle Report | Skaredcast",Battle report,29:38,https://www.youtube.com/watch?v=KF3lrf6ldJ0,no
2026-06-04,SkaredCast,Competitive Drukhari in a Defiler META! Lets do this. 40k Tournament Review | Skaredcast,Meta / competitive analysis,16:35,https://www.youtube.com/watch?v=QYwuXEsLI-s,no
2026-06-04,SkaredCast,All I Got Was This Smelly Nurgling | 40k Battle Report | Skaredcast,Battle report,47:02,https://www.youtube.com/watch?v=yNgq9u1JqnI,no
2026-06-04,PNW 40K,Will Force Dispositions Destroy 40k Meta? My First Look,Meta / competitive analysis,24:18,https://www.youtube.com/watch?v=yufhb8ZlIKs,no
2026-06-04,PNW 40K,Crabs EVERYWHERE - Necron Battle Report,Battle report,29:47,https://www.youtube.com/watch?v=GZXjaLYvKh4,no
2026-06-04,Midwinter Minis,"Don’t Buy 11th Edition Terrain Templates, do this instead...",Deployment / setup / terrain,26:24,https://www.youtube.com/watch?v=z10HzUgJgtw,yes
2026-06-04,FirstTurnTactics,11th Edition Fast 40k Chaos Knights Vs Daemons Battle Report. Rules so Far,Battle report,7:58,https://www.youtube.com/watch?v=klSITFAXTBE,yes
2026-06-04,Planet 40K,Necron Faction Focus Breakdown | All New Detachments Explained!,Faction / unit guides,18:56,https://www.youtube.com/watch?v=ymUKNzCBsXo,no
2026-06-04,Planet 40K,My Problem With Competitive Warhammer 40K Right Now!,Meta / competitive analysis,14:19,https://www.youtube.com/watch?v=VThg-Gh4u9M,no
2026-06-04,Maelstrom Gaming Studios - Tyranids,Our first game of 11th Edition | Warhammer 40k 11th Edition Battle Report,Battle report,,https://www.youtube.com/watch?v=1_NxKWAxpC4,yes
2026-06-04,Tabletop Titans,Orks vs Space Marines - 11th Edition Warhammer 40k - Armageddon Box Expanded,Battle report,1:11:12,https://www.youtube.com/watch?v=ZBbWaZSLHIQ,yes
2026-06-04,Tabletop Titans,Orks vs Grey Knights - Short Form Warhammer 40K Battle Report,Battle report,51:22,https://www.youtube.com/watch?v=5lYBWtQ7Xjg,no
2026-06-04,Tabletop Titans,The Red Terror Takes on Commissar Yarrick - Warhammer 40k Battle Report,Battle report,1:00:16,https://www.youtube.com/watch?v=MTvG6iE634k,no
2026-06-04,Tabletop Titans,Imperial Agents vs Aeldari - Short Form Warhammer 40k Battle Report,Battle report,1:04:04,https://www.youtube.com/watch?v=Ie_24MWPVvs,no
2026-06-04,MiniWarGaming,Asymmetrical Battles! | Orkz vs Astra Militarum Warhammer 40k 10th Edition Battle Report,Battle report,1:21:20,https://www.youtube.com/watch?v=pLKT5bxpny8,no
2026-06-04,MiniWarGaming,Do terrain layouts ruin 40k?,Deployment / setup / terrain,17:15,https://www.youtube.com/watch?v=GYqsUuAVMJo,no
2026-06-04,MiniWarGaming,And They Were All Yellow | Imperial Fists vs Necrons Warhammer 40k 10th Edition Battle Report Ep 99,Battle report,1:45:12,https://www.youtube.com/watch?v=QwV0Y57FQoM,no
2026-06-04,MiniWarGaming,An Old Fashioned Ammo Check | Imperial Knights vs Orkz Warhammer 40k 10th Edition Battle Report,Battle report,1:06:24,https://www.youtube.com/watch?v=PacD32PjbMY,no
2026-06-04,MiniWarGaming,I Cant Believe its not 11th The Other Deployment Death Guard vs Black Templars 40k Battle Report,Deployment / setup / terrain; Battle report,1:27:43,https://www.youtube.com/watch?v=0jtjAcY7BzE,yes
2026-06-04,Warp Friends,40k Win Rates - Week of May 11 2026  - Warhammer Tournament Meta Analysis,Meta / competitive analysis,24:09,https://www.youtube.com/watch?v=yLSQ2PaxMqY,no
2026-06-04,Warp Friends,40k Win Rates - Week of May 4 2026  - Warhammer Tournament Meta Analysis,Meta / competitive analysis,22:48,https://www.youtube.com/watch?v=gl87z-OepRI,no
2026-06-04,BA Commander,11th Edition - Heroic Intervention: Into the Fray!,Phase tactics,21:58,https://www.youtube.com/watch?v=bK26sXTl818,yes
2026-06-04,Omnii,NEW Admech Faction Focus Review | IS IT ANY GOOD? | Warhammer 11th Edition Adeptus Mechanicus,Faction / unit guides,18:47,https://www.youtube.com/watch?v=Kytdc0wl1CE,yes
2026-06-04,Omnii,11th Edition Changes so far! | Warhhammer 40k Rules EXPLAINED!,Core rules / how to play,16:26,https://www.youtube.com/watch?v=chLsALG5P3I,yes
2026-06-04,Da Red Wunz Go Fasta!,The Most Wanted Warhammer 40K terrain is returning to production? All signs point to YES!,Deployment / setup / terrain,16:19,https://www.youtube.com/watch?v=gphz_P8jZdY,no
2026-06-04,Tactical Sugar,How Pile In's ACTUALLY Work In 11th!,Phase tactics,10:02,https://www.youtube.com/watch?v=fOeVzTOwwbk,yes
2026-06-04,Zeeto,Death Guard 2 Defiler vs Death Guard 3 Defiler - TTS Battle Report Featuring DRP Wardog Will,Battle report,35:51,https://www.youtube.com/watch?v=utwG8zxND-4,no
2026-06-04,Patomalox_gmx,Warhammer 40K — Thousand Sons Fun Facts #Shorts,Phase tactics,,https://www.youtube.com/watch?v=qaqqxoGTBeY,no
2026-06-04,Proxy Hammer,"The Aeldari Faction Focus Has Arrived!!-""A Whimsical Bag of Tricks for Quins and Rangers!!""",Faction / unit guides,19:37,https://www.youtube.com/watch?v=x9naFzVGJDE,no
2026-06-04,Proxy Hammer,"The Warhammer 40k Team Tournament of the CENTURY!!-""The Kings of Saimaa Is Here! @Saimaa Gaming""",Meta / competitive analysis,1:03:35,https://www.youtube.com/watch?v=CGWcDmL9x5U,no
2026-06-04,Proxy Hammer,"Big BOONS for the Druhkari and Aeldari In 11th Edition!!-""Will Battle-Shock Dominate the Game?!""",Phase tactics,31:27,https://www.youtube.com/watch?v=y6VcABCDPek,yes
2026-06-04,Tabletop Nexus,Warhammer 40K Starter Boxes Ranked: Best Value for New Players,Core rules / how to play,12:03,https://www.youtube.com/watch?v=82W2zUBMeiM,no
2026-06-04,Tabletop Nexus,Warhammer 40k new player tips,Core rules / how to play,7:06,https://www.youtube.com/watch?v=wtVyCH7W0LM,no
2026-06-04,StrikingScorpion82,"Orks 2000pts Army Warhammer 40K 10th Edition Tier List, Showcase + Tactics",Army choice / list building; Faction / unit guides; Meta / competitive analysis,12:00,https://www.youtube.com/watch?v=ZCdqvDpKLqM,no
2026-06-04,StrikingScorpion82,Orks vs Thousand Sons Chaos Space Marines Warhammer 40K Battle Report 10th Edition 2000pts,Army choice / list building; Battle report,1:50:18,https://www.youtube.com/watch?v=bwP3B9UqvUE,no
2026-06-04,StrikingScorpion82,Warhammer Worlds 'DESERT CITY FIGHT' | 40K Battlefield Creation Warhammer 40K Terrain Tutorial,Core rules / how to play; Deployment / setup / terrain,5:41,https://www.youtube.com/watch?v=OeVOjDns8SE,no
2026-06-04,StrikingScorpion82,Ultramarines Space Marines vs Aeldari Warhammer 40K Battle Report 10th Edition 2000pts,Army choice / list building; Battle report,1:36:11,https://www.youtube.com/watch?v=rGEE-bL2JMg,no
2026-06-04,StrikingScorpion82,Chaos Space Marines vs Imperial Fists Warhammer 40K Battle Report 10th Ed 2000pts,Army choice / list building; Battle report,1:36:06,https://www.youtube.com/watch?v=HlfoV3AGSeM,no
2026-06-04,StrikingScorpion82,Warhammer Worlds 'LAVA CHAOS GATE' | 40K Battlefield Creation Warhammer 40K Terrain Tutorial,Core rules / how to play; Deployment / setup / terrain,8:02,https://www.youtube.com/watch?v=-llmMH0D1Q4,no
2026-06-04,StrikingScorpion82,"Leagues of Votann 2000pts Army Warhammer 40K 10th Edition Tier List, Showcase + Tactics",Army choice / list building; Faction / unit guides; Meta / competitive analysis,14:49,https://www.youtube.com/watch?v=PjnJEUGLouU,no
2026-06-04,StrikingScorpion82,Leagues of Votann vs Thousand Sons Chaos Space Marines Warhammer 40K Battle Report 10th Ed 2000pts,Army choice / list building; Battle report,1:54:29,https://www.youtube.com/watch?v=nbcqi-TYPq4,no
2026-06-03,Warp Friends,40k Win Rates - Week of June 1 2026  - Warhammer Tournament Meta Analysis,Faction / unit guides; Meta / competitive analysis,23:22,https://www.youtube.com/watch?v=YKbFDK9Lk8Y,no
2026-06-02,The Tabletop Alliance 40K,Are the New 40k Rules Actually Looking Good? | Bolters & Bad Dice #9,Core rules / how to play; Meta / competitive analysis,44:00,https://www.youtube.com/watch?v=2GUd2NGdX-I,yes
2026-06-02,Night Geist Gaming,I Was Wrong About Cover in 40K,Battle report,9:38,https://www.youtube.com/watch?v=ZgXA4vgqR_M,yes
2026-06-01,Maelstrom Gaming Studios - Tyranids,Top 5 Reasons to be Excited for Tyranids in Warhammer 40k 11th Ed,Battle report,21:20,https://www.youtube.com/watch?v=CbaFaTwwzLw,yes
2026-06-01,Patomalox_gmx,"Warhammer 40,000 11th Edition — What Changed (Full Breakdown)",Core rules / how to play; Army choice / list building; Deployment / setup / terrain; Missions / objectives / scoring; Phase tactics,11:27,https://www.youtube.com/watch?v=t90WuUy7oUc,yes
2026-05-30,Armstrong Hobbies,Leagues of Votann Faction Focus for Warhammer 40k 11th Edition,Core rules / how to play; Faction / unit guides,12:17,https://www.youtube.com/watch?v=p3VMeA35qrA,yes
2026-05-29,Two and a Half Wargamers,"Necrons vs Chaos Knights / Warhammer 40,000 Battle Report",Battle report,1:13:48,https://www.youtube.com/watch?v=g2yzDr9JzY4,yes
2026-05-28,vf.miniatures,Top 5 11th Edition Rules That Look Bigger After the First Games | Warhammer 40K Tactics,Missions / objectives / scoring; Faction / unit guides,14:40,https://www.youtube.com/watch?v=f3wVorGuA4I,yes
2026-05-28,Maelstrom Gaming Studios - Tyranids,Fixing The Tyranid Detachments for 11th Edition | Warhammer 40k 10th Ed,Battle report,23:02,https://www.youtube.com/watch?v=YxH_7IRPAuM,yes
2026-05-27,Highstakes 40K,Fast Rolling in 11th Edition - How it ACTUALLY works!,Battle report,17:01,https://www.youtube.com/watch?v=QMebWjhA9MU,yes
2026-05-26,Night Geist Gaming,The 11th Edition Cover Rule Just BROKE 40k Math,Core rules / how to play; Army choice / list building; Battle report; Meta / competitive analysis,9:58,https://www.youtube.com/watch?v=SnRCJZzMGPc,yes
2026-05-26,Invasive Wargaming,11th Edition Tau Livestream Game Takeaways | Warhammer 40k #new40k,Missions / objectives / scoring,29:27,https://www.youtube.com/watch?v=SiqqptQbe8I,yes
2026-05-24,Tau Tactics,Huge changes to fly and screening in 11th edition!,Deployment / setup / terrain; Phase tactics,19:08,https://www.youtube.com/watch?v=70OZ5NpIxb0,yes
2026-05-22,The Tabletop Alliance 40K,We Got a Screening Lesson from a Top Competitive 40K Player!,Deployment / setup / terrain; Phase tactics; Meta / competitive analysis,16:22,https://www.youtube.com/watch?v=HUpXjGWCy00,yes
2026-05-22,vf.miniatures,Top 5 Space Marine Units That LOVE the New 11th Edition Rules Reveals | Warhammer 40K Tactics,Missions / objectives / scoring; Faction / unit guides,17:01,https://www.youtube.com/watch?v=UKpnDwId5Q0,yes
2026-05-20,bombsquig,"I played on 11th edition terrain. It's very, very fun.",Deployment / setup / terrain,5:54,https://www.youtube.com/watch?v=IRSoRjWzMkM,yes
2026-05-19,vf.miniatures,Top 5 Space Marine Units That Could Be HUGE in 11th Edition | Warhammer 40K Tactics,Missions / objectives / scoring; Faction / unit guides,18:21,https://www.youtube.com/watch?v=BudVJJt91_0,yes
2026-05-18,Maelstrom Gaming Studios - Tyranids,Tyranid Faction Focus for 11th Edition | Warhammer 40k 10th Ed,Faction / unit guides; Battle report,20:09,https://www.youtube.com/watch?v=TLe7oFHJxso,yes
2026-05-18,Invasive Wargaming,11th Edition T'au Detachments are stronger than you think | Warhammer 40k,Missions / objectives / scoring,25:44,https://www.youtube.com/watch?v=-af3-_UaE_M,yes
2026-05-12,vf.miniatures,Top 5 Space Marine Units That Might Get Worse in 11th Edition | Warhammer 40K Tactics,Missions / objectives / scoring; Faction / unit guides,21:05,https://www.youtube.com/watch?v=m-5FHugWtKw,yes
2026-05-04,The Tabletop Alliance 40K,How Will 11th Edition Change List Building in 40k? | Bolters & Bad Dice #2,Army choice / list building,47:47,https://www.youtube.com/watch?v=PJHybxtD8Wc,yes
2026-05-04,Warpbane Tactics,Teleporting Could Cost Us Points? Grey Knights Mission Changes 11th Edition,Missions / objectives / scoring,13:19,https://www.youtube.com/watch?v=StxLw8KsltI,yes
2026-05-04,Warpbane Tactics,What 11th Edition Army Building Means for Grey Knights 🗡️,Army choice / list building,3:04,https://www.youtube.com/watch?v=pLGSTlGwrEg,yes
2026-05-04,Warpbane Tactics,Sanctified Ground | How Objectives Work in 11th 🗡️,Missions / objectives / scoring,5:11,https://www.youtube.com/watch?v=RPJwPdZJsMU,yes
2026-05-04,40K Fireside,New FIGHT PHASE - How does it work in 11th Edition?,Phase tactics,11:57,https://www.youtube.com/watch?v=uZIyIM2gRxs,yes
2026-05-04,Mean Screen,New Objectives EXPLAINED in 2 mins - 40K 11th Edition,Missions / objectives / scoring,2:17,https://www.youtube.com/watch?v=q7KJfHXsO7A,yes
2026-05-04,Mean Screen,Terrain Rules EXPLAINED in 3 mins - 40K 11th Edition,Core rules / how to play; Deployment / setup / terrain,3:00,https://www.youtube.com/watch?v=TcYHcb0o6Bw,yes
2026-05-04,Mean Screen,11th Edition 40k changes EVERYTHING about Primary Missions…,Missions / objectives / scoring,3:51,https://www.youtube.com/watch?v=eImJv2WFQ7M,yes
2026-05-04,WednesdayNightWarhammer,Is the fight phase fixed in 11th edition!?!,Phase tactics,10:20,https://www.youtube.com/watch?v=IbkiuTLV_IA,yes
2026-05-04,WednesdayNightWarhammer,Warhammer 40K 11th Edition Terrain Rules REVEALED,Deployment / setup / terrain,28:49,https://www.youtube.com/watch?v=_iv5QdpRveQ,yes
2026-05-04,FirstTurnTactics,"11th Edition Terrain, 10th Edition Rules! World Eaters VS Chaos Warhammer 40k Battle Report",Deployment / setup / terrain; Battle report,12:45,https://www.youtube.com/watch?v=IZT5Jm6spO8,yes
2026-05-04,FirstTurnTactics,How to use 11th Edition Terrain!,Deployment / setup / terrain,16:59,https://www.youtube.com/watch?v=AWBGADPH9tY,yes
2026-05-04,vf.miniatures,Top 5 MORE 11th Edition Changes That Will Actually Change Games | Warhammer 40K Tactics,Faction / unit guides,17:51,https://www.youtube.com/watch?v=uIVvRUkoPjU,yes
2026-05-04,Statesboro Warhammer Club,Thoughts on the Warhammer 40k 11th Edition Terrain Layouts,Deployment / setup / terrain,11:12,https://www.youtube.com/watch?v=TtLvODvleBc,yes
2026-04-26,Revenn's HandiCrafts,The TOP 10 BEST Miniatures To Pick Up Before 11th Edition,Faction / unit guides,13:14,https://www.youtube.com/watch?v=XHxcFQVlGe0,yes
2026-04-19,Tau Tactics,Are shooting armies cooked? | 11th edition rules reveals breakdown,Faction / unit guides,12:56,https://www.youtube.com/watch?v=rWkD07BAFjU,yes
2026-04-15,Mean Screen,11th Edition 40k Fight Phase New Rules EXPLAINED by an Ork,Core rules / how to play; Phase tactics,4:59,https://www.youtube.com/watch?v=TSOEqAGpAuk,yes
2026-04-14,bombsquig,11th edition terrain is exactly what I wanted,Deployment / setup / terrain,5:01,https://www.youtube.com/watch?v=2uPXm4OkABY,yes
2026-04-05,Tau Tactics,Aux Cadre Makes Top Cut! | Interview with Aron Huckaba,Meta / competitive analysis,55:14,https://www.youtube.com/watch?v=0YIcRwokRhU,yes
2026-04-04,vf.miniatures,Top 5 NEW 11th Edition Changes That Will Actually Change Games | Warhammer 40K Tactics,Faction / unit guides,17:40,https://www.youtube.com/watch?v=t4EMV9d_y9E,yes
,TacticalTortoise 40k,How LOS & Hiding WORK in Warhammer 40k!? | ALL 11th Edition Terrain Rules Explained!,Core rules / how to play; Deployment / setup / terrain,32:13,https://www.youtube.com/watch?v=fUDv6wmMAVM,yes
,TacticalTortoise 40k,The FIRST Tournament Results of 11th Edition! | The BEST Armies in Warhammer 40k 6.22.26 Edition,Meta / competitive analysis,30:41,https://www.youtube.com/watch?v=B7bwR43DPSQ,yes
,TacticalTortoise 40k,I played in one of the first 11th Ed 40k tournaments... here's what I learned,Meta / competitive analysis,30:59,https://www.youtube.com/watch?v=41ICRcclDsA,yes
,TacticalTortoise 40k,8 Tips to Prepare you for 11th Edition Warhammer 40k,Meta / competitive analysis,13:12,https://www.youtube.com/watch?v=Z20nhrlHF7c,yes
,Play On Tabletop,"Emperor's Children vs Blood Angels. Warhammer 40,000 11th in 40m",Battle report,44:09,https://www.youtube.com/watch?v=jOj2IsPSJJY,yes
,Play On Tabletop,"NEW Warhammer 40,000! Armageddon Orks vs Space Marines.",Battle report,36:19,https://www.youtube.com/watch?v=YAiiyWN9XQo,yes
,Master Crafted,C.O.R.E List Building of 11th Edition- Warhammer 40k - Master Crafted,Army choice / list building,28:09,https://www.youtube.com/watch?v=BoECHY-5APM,yes
,Master Crafted,11th Edition Dispositions (Take and Hold)- Warhammer 40k - Master Crafted,Meta / competitive analysis,32:31,https://www.youtube.com/watch?v=fJO859KhuRo,yes
,Basement Dwellers Tabletop,How to play 11th edition: setup and deployment,Core rules / how to play; Deployment / setup / terrain,16:23,https://www.youtube.com/watch?v=93wOc-sYlJo,yes
,Boltgun Tactics,"Chaos space marines vs Emperor’s children. 11th edition Warhammer 40,000 battle report.",Battle report,29:33,https://www.youtube.com/watch?v=yPUMDSq6P74,yes
,Boltgun Tactics,"11th edition: What I learnt from my first Warhammer 40,000 tournament this edition!",Meta / competitive analysis,7:19,https://www.youtube.com/watch?v=XJmHmHqZYk4,yes
,Boltgun Tactics,11th edition Chapter approved deck: how to use the deck!,Missions / objectives / scoring,6:00,https://www.youtube.com/watch?v=qHsOnUx-Fg4,yes
,winters SEO,"Tyranids vs Space Marines, 11th edition Warhammer 40k battle report",Battle report,1:44:42,https://www.youtube.com/watch?v=MubbyoPR0j8,yes
,winters SEO,"My first game of 11th edition Warhammer 40k, Blood Angels vs Necrons",Battle report,1:09:13,https://www.youtube.com/watch?v=cr0EqlC-GTs,yes
,The Southern Nerd,Chaos Knights vs T'au Empire! | Warhammer 40K 11th Edition Battle Report | The Southern Nerd,Battle report,4:55:19,https://www.youtube.com/watch?v=79p9az-Qb5w,yes
,The Southern Nerd,Blood Angels vs Emperor's Children | Warhammer 40K 11th Edition Battle Report | The Southern Nerd,Battle report,2:59:34,https://www.youtube.com/watch?v=h7QGJD8IgcY,yes
,The Southern Nerd,Space Wolves vs Necrons | Warhammer 40K 11th Edition Battle Report | The Southern Nerd,Battle report,3:18:38,https://www.youtube.com/watch?v=_6lnjo-_1-0,yes
,Sprues & Brews,11th Edition Core Rules Deep Dive & Review - Warhammer 40k Armageddon,Core rules / how to play,38:26,https://www.youtube.com/watch?v=NTA5n8afSUA,yes
,Sprues & Brews,"Chapter Approved, Dominatus and Terrain Area Set Review - Warhammer 40k 11th Edition",Deployment / setup / terrain,21:18,https://www.youtube.com/watch?v=1fp7QYAhNtw,yes
,Auspex Tactics,Warhammer 40K 11th Edition - Full Core Rules Review,Core rules / how to play,1:56:54,https://www.youtube.com/watch?v=7XOYLIdhNek,yes
,Happy Krumping,Warhammer 40k 11th Edition Explained in 16 Minutes (Everything You Need to Know),Core rules / how to play,17:57,https://www.youtube.com/watch?v=YOQ68vIl5uU,yes
,Auspex Tactics,How to Write a Warhammer 40K Army List EXPLAINED - 11th Edition Guide for Beginners,Core rules / how to play; Army choice / list building,30:53,https://www.youtube.com/watch?v=77nzMJWxPnQ,yes
,Auspex Tactics,Every 11th Edition Core Stratagem EXPLAINED- How to Play Warhammer 40K,Core rules / how to play,24:13,https://www.youtube.com/watch?v=pUwlqHqfDP0,yes
,Auspex Tactics,How to Play Warhammer 40K 11th Edition - Part 1: What You Need to Play for Beginners,Core rules / how to play,23:27,https://www.youtube.com/watch?v=htOYDeNy_C8,yes
,Auspex Tactics,Deployment EXPLAINED in Warhammer 40K 11th Edition - Tips + Tricks and Rules Overview,Deployment / setup / terrain,27:06,https://www.youtube.com/watch?v=uNAQTxw4gTc,yes
,Auspex Tactics,The Command Phase + Battle-Shock EXPLAINED - How to Play Warhammer 40K 11th Edition,Core rules / how to play; Phase tactics,20:41,https://www.youtube.com/watch?v=_iIHfEr-h3Y,yes
,Tabletop Tactics,11th Edition 40k! The Return to Force Organisation List Building?!,Army choice / list building,37:31,https://www.youtube.com/watch?v=ZNRTGLOEe_0,yes
,Mordian Glory,My Advice For Beginner Guard Players Starting 11th Edition! | Warhammer 40K,Core rules / how to play,40:57,https://www.youtube.com/watch?v=LILxoNCr2io,yes
,TacticalTortoise 40k,🔴11th Edition 40k's Army Building Rules are pretty neat,Army choice / list building,32:27,https://www.youtube.com/watch?v=xUUyENkC1t4,yes
,The Six Machine,EVEN MORE 11th Edition Rules Revealed! How Will Army Building Work Now?!,Army choice / list building,12:35,https://www.youtube.com/watch?v=8UWyQ2luASI,yes
,Recon By Fire,Deploying Knights in 11th Edition #chaosknights #imperialknights,Deployment / setup / terrain,16:08,https://www.youtube.com/watch?v=oJCeM1Uu180,yes
,Auspex Tactics,Warhammer 40K 11th Edition's Core Gameplay Reviewed - Chapter Approved 2026-27 Mission Deck,Deployment / setup / terrain; Missions / objectives / scoring,38:52,https://www.youtube.com/watch?v=aqj_JQZfeGY,yes
,Exalted40k,HUGE 11th Edition Terrain and Deployment Reveal!,Deployment / setup / terrain,25:04,https://www.youtube.com/watch?v=qg1fzJq17zY,yes
,Mordian Glory,"The NEW Terrain Rules Are Going to Make & Break The 11th Edition Meta! | Warhammer 40,000",Deployment / setup / terrain; Meta / competitive analysis,23:10,https://www.youtube.com/watch?v=04fjMvk-Qh0,yes
,40k Vtuber: Christian Von Carmian,Don’t set up Terrain like This. Follow the Core Rules of Warhammer 40K 11th edition instead,Core rules / how to play; Deployment / setup / terrain; Missions / objectives / scoring,8:23,https://www.youtube.com/watch?v=_vBPxS-mkjA,yes
,Grimdark Breakdown,"11th Edition Terrain Rules BREAK the Game? Hidden, Cover & Alpha Strike Changes Explained",Deployment / setup / terrain,17:56,https://www.youtube.com/watch?v=P8I6jf2XoYY,yes
,Auspex Tactics,The Shooting Phase + Terrain EXPLAINED in Warhammer 40K 11th Edition - How to Play 40K Part 4,Core rules / how to play; Deployment / setup / terrain; Phase tactics,49:47,https://www.youtube.com/watch?v=GAMYNHk8jSA,yes
,Art of War 40k,New 11th Edition Preview - How Terrain is changing for Warhammer 40k!,Deployment / setup / terrain,25:16,https://www.youtube.com/watch?v=zO7ZhvDnoCM,yes
,Auspex Tactics,11th Edition TERRAIN Info - Reveals from GW's Meeting!,Deployment / setup / terrain; Meta / competitive analysis,18:22,https://www.youtube.com/watch?v=jf_CHQcOIXg,yes
,40K Dirtbags,New 11th Edition Terrain Rules! Melee OP? | Warhammer 40k #40k #11thedition,Deployment / setup / terrain,27:48,https://www.youtube.com/watch?v=rkit4P_lEVA,yes
,Art of War 40k,New 11th Edition Preview - How Your Army Impacts Your Mission!,Missions / objectives / scoring,43:46,https://www.youtube.com/watch?v=oMDk7PKonnM,yes
,Mordian Glory,"I Might Be Coping, But The NEW 11th Edition Missions Are HERE and They Look Interesting!",Missions / objectives / scoring,56:30,https://www.youtube.com/watch?v=4nu6pgoqdE0,yes
,40k Vtuber: Christian Von Carmian,40k 11th edition: Primary & Secondary Missions Are DIFFERENT Now,Missions / objectives / scoring,21:34,https://www.youtube.com/watch?v=_51s0NFu0t4,yes
,Auspex Tactics,Warhammer 40K 11th Edition BADLY Needs a Rules Patch!,Missions / objectives / scoring,31:22,https://www.youtube.com/watch?v=PnLc6B4AUxw,yes
,Vanguard Tactics,Blood Angels in 11th Edition: The Competitive Breakdown,Meta / competitive analysis,33:21,https://www.youtube.com/watch?v=dQf6qbYxXzA,yes
,Auspex Tactics,How to Start a Blood Angels Army in Warhammer 40K 11th Edition- Beginner Guide to Start Collecting,Core rules / how to play; Army choice / list building,34:38,https://www.youtube.com/watch?v=yO2dvI9DL4Q,yes
,BLACKHYDRA WARGAMING,"How to play Warhammer 40,000 11th Edition - EP:01 The Core Rules - A guide for the game",Core rules / how to play,1:55:01,https://www.youtube.com/watch?v=xqaLDdgsI2s,yes
,Auspex Tactics,How to Start a Tyranids Army in Warhammer 40K 11th Edition - Tyranid Beginner Guide!,Core rules / how to play; Army choice / list building,35:17,https://www.youtube.com/watch?v=s79q64Nm2TI,yes
,Mordian Glory,"Two Beginner Tips for New Guard Players Excited for 11th Edition! | Warhammer 40,000",Core rules / how to play,37:46,https://www.youtube.com/watch?v=XhTap-bemrk,yes
,40K Dirtbags,🔴Death Guard vs Tau Live! 11th Edition Battle Report | Warhammer 40k Competitive | #40k,Battle report; Meta / competitive analysis,3:53:52,https://www.youtube.com/watch?v=yl92BRCk8JA,yes
,40K Dirtbags,Best Strat in 11th Edition- HEROIC INTERVENTION | Competitive | Warhammer 40k #40k #11thedition40k,Phase tactics; Meta / competitive analysis,20:47,https://www.youtube.com/watch?v=VyZExaYKN2A,yes
,40K Dirtbags,Horde Will Take Over 11th Edition | New Terrain Competitive | Warhammer 40k #40k,Deployment / setup / terrain; Meta / competitive analysis,20:42,https://www.youtube.com/watch?v=YkE91NjETZI,yes
,Auspex Tactics,One Strong Army List for Every Warhammer 40K Faction in 11th Edition,Army choice / list building; Meta / competitive analysis,1:15:41,https://www.youtube.com/watch?v=vNdbmkK7V6Q,yes
,Auspex Tactics,What's Winning in Warhammer 40K 11th Edition? First Tournament Winning Army Lists,Army choice / list building; Meta / competitive analysis,23:18,https://www.youtube.com/watch?v=I4ROLlXfTac,yes
,Cinderfall Gaming,Warhammer 40k 11th Edition Faction Focus: Thousand Sons,Faction / unit guides,8:02,https://www.youtube.com/watch?v=kMEj_4056Ew,yes
,Auspex Tactics,How to Start a Space Marine Army for 11th Edition Warhammer 40K - Ideas to Start from Armageddon,Army choice / list building,38:31,https://www.youtube.com/watch?v=eeY-kOdVc54,yes
,40k Vtuber: Christian Von Carmian,Have you understood the Deep Strike Charge Distance in Warhammer 40K 11th edition?,Deployment / setup / terrain,4:14,https://www.youtube.com/watch?v=yhzar_Rka_I,yes
,Auspex Tactics,Melee Combat in Warhammer 40K EXPLAINED - How to Play 40K 11th Part 7: Fight Phase,Core rules / how to play; Phase tactics,39:32,https://www.youtube.com/watch?v=tiVEHrYZYfE,yes
,Auspex Tactics,The Movement Phase EXPLAINED in Warhammer 40K 11th Edition - How to Play Warhammer 40K Part 3,Core rules / how to play; Phase tactics,29:12,https://www.youtube.com/watch?v=yJDt9Sd20ng,yes
,Art of War 40k,The Fight Phase Changes for 11th Edition Warhammer 40k,Phase tactics,28:51,https://www.youtube.com/watch?v=yd87BnRD0h4,yes
,Auspex Tactics,Charging in Warhammer 40K EXPLAINED - How to Play 40K 11th Edition Part 6: Charge Phase,Core rules / how to play; Phase tactics,23:45,https://www.youtube.com/watch?v=Q22APCC3X-o,yes
,Auspex Tactics,The 11th Edition Objective Marker Changes - are GW Teasing Terrain Footprint Scoring Zones?,Deployment / setup / terrain; Missions / objectives / scoring,14:42,https://www.youtube.com/watch?v=UdyL2l8XrsQ,yes
,Grimdark Breakdown,"11th Edition Terrain Objectives Explained – Hidden Rules, Big Impacts & Meta Changes",Deployment / setup / terrain; Missions / objectives / scoring; Meta / competitive analysis,5:32,https://www.youtube.com/watch?v=_aGKBktRh-I,yes
,Auspex Tactics,EVERY Core Rules Update for Warhammer 40K 11th Edition So Far!,Core rules / how to play,41:40,https://www.youtube.com/watch?v=M_aGnZeE_as,yes
,Auspex Tactics,How to Start a Necrons Army in Warhammer 40K 11th Edition - Necron Beginner Guide!,Core rules / how to play; Army choice / list building,36:35,https://www.youtube.com/watch?v=oXZJP18qOVM,yes
,Vanguard Tactics,Space Wolves in 11th Edition: The Competitive Breakdown,Meta / competitive analysis,30:25,https://www.youtube.com/watch?v=lj-zjOZ3sBM,yes
,Art of War 40k,New 11th edition preview- Terrain is now objectives!!!,Deployment / setup / terrain; Missions / objectives / scoring,20:41,https://www.youtube.com/watch?v=hyLIt4oFL3U,yes
,Auspex Tactics,"11th Edition Core Rules and Gameplay Releases REVEALED - Core Book, Terrain Templates, Combat Patrol",Core rules / how to play; Deployment / setup / terrain,15:10,https://www.youtube.com/watch?v=XJEL6J41QcY,yes
